LakeID,SampleDate,SampleNumber,CageNumber,AnimalNumber,GosnerStage,EstimatedTadpoleAFDM,TadpoleDensity,MayflyDensity
10102,15-Jul-09,S1,1,1,37,55.0702515,20,125
10102,15-Jul-09,S1,1,2,38,63.37951266,20,125
10102,15-Jul-09,S1,1,3,31,21.6770828,20,125
10102,15-Jul-09,S1,1,4,35,41.09057525,20,125
10102,15-Jul-09,S1,1,5,31,21.6770828,20,125
10102,15-Jul-09,S1,1,6,31,21.6770828,20,125
10102,15-Jul-09,S1,1,7,34,35.26976418,20,125
10102,15-Jul-09,S1,1,8,35,41.09057525,20,125
10102,15-Jul-09,S1,1,9,34,35.26976418,20,125
10102,15-Jul-09,S1,1,10,35,41.09057525,20,125
10102,15-Jul-09,S1,1,11,33,30.13577137,20,125
10102,15-Jul-09,S1,1,12,35,41.09057525,20,125
10102,15-Jul-09,S1,1,13,32,25.62474666,20,125
10102,15-Jul-09,S1,1,14,37,55.0702515,20,125
10102,15-Jul-09,S1,1,15,37,55.0702515,20,125
10102,15-Jul-09,S1,1,16,35,41.09057525,20,125
10102,15-Jul-09,S1,1,17,35,41.09057525,20,125
10102,15-Jul-09,S1,1,18,32,25.62474666,20,125
10102,15-Jul-09,S1,1,19,37,55.0702515,20,125
10102,15-Jul-09,S1,1,20,35,41.09057525,20,125
10102,15-Jul-09,S1,2,1,31,21.6770828,2,125
10102,15-Jul-09,S1,2,2,35,41.09057525,2,125
10102,15-Jul-09,S1,3,1,31,21.6770828,2,0
10102,15-Jul-09,S1,3,2,34,35.26976418,2,0
10102,15-Jul-09,S1,6,1,36,47.66646142,20,25
10102,15-Jul-09,S1,6,2,35,41.09057525,20,25
10102,15-Jul-09,S1,6,3,35,41.09057525,20,25
10102,15-Jul-09,S1,6,4,32,25.62474666,20,25
10102,15-Jul-09,S1,6,5,35,41.09057525,20,25
10102,15-Jul-09,S1,6,6,31,21.6770828,20,25
10102,15-Jul-09,S1,6,7,35,41.09057525,20,25
10102,15-Jul-09,S1,6,8,30,18.23725282,20,25
10102,15-Jul-09,S1,6,9,35,41.09057525,20,25
10102,15-Jul-09,S1,6,10,31,21.6770828,20,25
10102,15-Jul-09,S1,6,11,36,47.66646142,20,25
10102,15-Jul-09,S1,6,12,35,41.09057525,20,25
10102,15-Jul-09,S1,6,13,38,63.37951266,20,25
10102,15-Jul-09,S1,6,14,35,41.09057525,20,25
10102,15-Jul-09,S1,6,15,37,55.0702515,20,25
10102,15-Jul-09,S1,6,16,34,35.26976418,20,25
10102,15-Jul-09,S1,6,17,31,21.6770828,20,25
10102,15-Jul-09,S1,6,18,37,55.0702515,20,25
10102,15-Jul-09,S1,6,19,35,41.09057525,20,25
10102,15-Jul-09,S1,6,20,31,21.6770828,20,25
10102,15-Jul-09,S1,7,1,31,21.6770828,2,25
10102,15-Jul-09,S1,7,2,35,41.09057525,2,25
10102,15-Jul-09,S1,8,1,29,15.25364885,10,250
10102,15-Jul-09,S1,8,2,29,15.25364885,10,250
10102,15-Jul-09,S1,8,3,37,55.0702515,10,250
10102,15-Jul-09,S1,8,4,37,55.0702515,10,250
10102,15-Jul-09,S1,8,5,31,21.6770828,10,250
10102,15-Jul-09,S1,8,6,34,35.26976418,10,250
10102,15-Jul-09,S1,8,7,35,41.09057525,10,250
10102,15-Jul-09,S1,8,8,34,35.26976418,10,250
10102,15-Jul-09,S1,8,9,32,25.62474666,10,250
10102,15-Jul-09,S1,8,10,32,25.62474666,10,250
10102,15-Jul-09,S1,9,1,38,63.37951266,20,0
10102,15-Jul-09,S1,9,2,35,41.09057525,20,0
10102,15-Jul-09,S1,9,3,32,25.62474666,20,0
10102,15-Jul-09,S1,9,4,36,47.66646142,20,0
10102,15-Jul-09,S1,9,5,37,55.0702515,20,0
10102,15-Jul-09,S1,9,6,34,35.26976418,20,0
10102,15-Jul-09,S1,9,7,38,63.37951266,20,0
10102,15-Jul-09,S1,9,8,36,47.66646142,20,0
10102,15-Jul-09,S1,9,9,36,47.66646142,20,0
10102,15-Jul-09,S1,9,10,35,41.09057525,20,0
10102,15-Jul-09,S1,9,11,37,55.0702515,20,0
10102,15-Jul-09,S1,9,12,32,25.62474666,20,0
10102,15-Jul-09,S1,9,13,31,21.6770828,20,0
10102,15-Jul-09,S1,9,14,36,47.66646142,20,0
10102,15-Jul-09,S1,9,15,35,41.09057525,20,0
10102,15-Jul-09,S1,9,16,35,41.09057525,20,0
10102,15-Jul-09,S1,9,17,31,21.6770828,20,0
10102,15-Jul-09,S1,9,18,30,18.23725282,20,0
10102,15-Jul-09,S1,9,19,33,30.13577137,20,0
10102,15-Jul-09,S1,9,20,32,25.62474666,20,0
10102,15-Jul-09,S1,10,1,31,21.6770828,20,250
10102,15-Jul-09,S1,10,2,35,41.09057525,20,250
10102,15-Jul-09,S1,10,3,31,21.6770828,20,250
10102,15-Jul-09,S1,10,4,34,35.26976418,20,250
10102,15-Jul-09,S1,10,5,31,21.6770828,20,250
10102,15-Jul-09,S1,10,6,31,21.6770828,20,250
10102,15-Jul-09,S1,10,7,37,55.0702515,20,250
10102,15-Jul-09,S1,10,8,35,41.09057525,20,250
10102,15-Jul-09,S1,10,9,35,41.09057525,20,250
10102,15-Jul-09,S1,10,10,35,41.09057525,20,250
10102,15-Jul-09,S1,10,11,35,41.09057525,20,250
10102,15-Jul-09,S1,10,12,35,41.09057525,20,250
10102,15-Jul-09,S1,10,13,37,55.0702515,20,250
10102,15-Jul-09,S1,10,14,31,21.6770828,20,250
10102,15-Jul-09,S1,10,15,32,25.62474666,20,250
10102,15-Jul-09,S1,10,16,36,47.66646142,20,250
10102,15-Jul-09,S1,10,17,36,47.66646142,20,250
10102,15-Jul-09,S1,10,18,30,18.23725282,20,250
10102,15-Jul-09,S1,10,19,31,21.6770828,20,250
10102,15-Jul-09,S1,10,20,36,47.66646142,20,250
10102,15-Jul-09,S1,12,1,36,47.66646142,10,0
10102,15-Jul-09,S1,12,2,31,21.6770828,10,0
10102,15-Jul-09,S1,12,3,38,63.37951266,10,0
10102,15-Jul-09,S1,12,4,36,47.66646142,10,0
10102,15-Jul-09,S1,12,5,35,41.09057525,10,0
10102,15-Jul-09,S1,12,6,29,15.25364885,10,0
10102,15-Jul-09,S1,12,7,33,30.13577137,10,0
10102,15-Jul-09,S1,12,8,33,30.13577137,10,0
10102,15-Jul-09,S1,12,9,35,41.09057525,10,0
10102,15-Jul-09,S1,12,10,35,41.09057525,10,0
10102,15-Jul-09,S1,13,1,31,21.6770828,2,250
10102,15-Jul-09,S1,13,2,36,47.66646142,2,250
10102,15-Jul-09,S1,14,1,36,47.66646142,10,250
10102,15-Jul-09,S1,14,2,35,41.09057525,10,250
10102,15-Jul-09,S1,14,3,31,21.6770828,10,250
10102,15-Jul-09,S1,14,4,35,41.09057525,10,250
10102,15-Jul-09,S1,14,5,34,35.26976418,10,250
10102,15-Jul-09,S1,14,6,35,41.09057525,10,250
10102,15-Jul-09,S1,14,7,36,47.66646142,10,250
10102,15-Jul-09,S1,14,8,32,25.62474666,10,250
10102,15-Jul-09,S1,14,9,36,47.66646142,10,250
10102,15-Jul-09,S1,14,10,37,55.0702515,10,250
10102,15-Jul-09,S1,17,1,36,47.66646142,10,25
10102,15-Jul-09,S1,17,2,32,25.62474666,10,25
10102,15-Jul-09,S1,17,3,31,21.6770828,10,25
10102,15-Jul-09,S1,17,4,31,21.6770828,10,25
10102,15-Jul-09,S1,17,5,32,25.62474666,10,25
10102,15-Jul-09,S1,17,6,31,21.6770828,10,25
10102,15-Jul-09,S1,17,7,30,18.23725282,10,25
10102,15-Jul-09,S1,17,8,31,21.6770828,10,25
10102,15-Jul-09,S1,17,9,31,21.6770828,10,25
10102,15-Jul-09,S1,17,10,36,47.66646142,10,25
10102,1-Aug-09,S2,1,1,41,94.59040089,20,125
10102,1-Aug-09,S2,1,2,34,35.26976418,20,125
10102,1-Aug-09,S2,1,3,39,72.67671818,20,125
10102,1-Aug-09,S2,1,4,35,41.09057525,20,125
10102,1-Aug-09,S2,1,5,39,72.67671818,20,125
10102,1-Aug-09,S2,1,6,41,94.59040089,20,125
10102,1-Aug-09,S2,1,7,31,21.6770828,20,125
10102,1-Aug-09,S2,1,8,41,94.59040089,20,125
10102,1-Aug-09,S2,1,9,35,41.09057525,20,125
10102,1-Aug-09,S2,1,10,35,41.09057525,20,125
10102,1-Aug-09,S2,1,11,32,25.62474666,20,125
10102,1-Aug-09,S2,1,12,34,35.26976418,20,125
10102,1-Aug-09,S2,1,13,35,41.09057525,20,125
10102,1-Aug-09,S2,1,14,34,35.26976418,20,125
10102,1-Aug-09,S2,1,15,35,41.09057525,20,125
10102,1-Aug-09,S2,1,16,36,47.66646142,20,125
10102,1-Aug-09,S2,1,17,35,41.09057525,20,125
10102,1-Aug-09,S2,1,18,35,41.09057525,20,125
10102,1-Aug-09,S2,1,19,33,30.13577137,20,125
10102,1-Aug-09,S2,1,20,34,35.26976418,20,125
10102,1-Aug-09,S2,2,1,35,41.09057525,2,125
10102,1-Aug-09,S2,2,2,33,30.13577137,2,125
10102,1-Aug-09,S2,3,1,31,21.6770828,2,0
10102,1-Aug-09,S2,3,2,37,55.0702515,2,0
10102,1-Aug-09,S2,6,1,41,94.59040089,20,25
10102,1-Aug-09,S2,6,2,39,72.67671818,20,25
10102,1-Aug-09,S2,6,3,40,83.04941641,20,25
10102,1-Aug-09,S2,6,4,36,47.66646142,20,25
10102,1-Aug-09,S2,6,5,35,41.09057525,20,25
10102,1-Aug-09,S2,6,6,36,47.66646142,20,25
10102,1-Aug-09,S2,6,7,31,21.6770828,20,25
10102,1-Aug-09,S2,6,8,35,41.09057525,20,25
10102,1-Aug-09,S2,6,9,35,41.09057525,20,25
10102,1-Aug-09,S2,6,10,34,35.26976418,20,25
10102,1-Aug-09,S2,6,11,36,47.66646142,20,25
10102,1-Aug-09,S2,6,12,35,41.09057525,20,25
10102,1-Aug-09,S2,6,13,32,25.62474666,20,25
10102,1-Aug-09,S2,6,14,36,47.66646142,20,25
10102,1-Aug-09,S2,6,15,34,35.26976418,20,25
10102,1-Aug-09,S2,6,16,33,30.13577137,20,25
10102,1-Aug-09,S2,6,17,35,41.09057525,20,25
10102,1-Aug-09,S2,6,18,34,35.26976418,20,25
10102,1-Aug-09,S2,6,19,35,41.09057525,20,25
10102,1-Aug-09,S2,6,20,30,18.23725282,20,25
10102,1-Aug-09,S2,7,1,35,41.09057525,2,25
10102,1-Aug-09,S2,7,2,34,35.26976418,2,25
10102,1-Aug-09,S2,8,1,35,41.09057525,10,125
10102,1-Aug-09,S2,8,2,35,41.09057525,10,125
10102,1-Aug-09,S2,8,3,35,41.09057525,10,125
10102,1-Aug-09,S2,8,4,36,47.66646142,10,125
10102,1-Aug-09,S2,8,5,36,47.66646142,10,125
10102,1-Aug-09,S2,8,6,35,41.09057525,10,125
10102,1-Aug-09,S2,8,7,31,21.6770828,10,125
10102,1-Aug-09,S2,8,8,31,21.6770828,10,125
10102,1-Aug-09,S2,8,9,39,72.67671818,10,125
10102,1-Aug-09,S2,8,10,39,72.67671818,10,125
10102,1-Aug-09,S2,9,1,35,41.09057525,20,0
10102,1-Aug-09,S2,9,2,41,94.59040089,20,0
10102,1-Aug-09,S2,9,3,39,72.67671818,20,0
10102,1-Aug-09,S2,9,4,41,94.59040089,20,0
10102,1-Aug-09,S2,9,5,37,55.0702515,20,0
10102,1-Aug-09,S2,9,6,36,47.66646142,20,0
10102,1-Aug-09,S2,9,7,33,30.13577137,20,0
10102,1-Aug-09,S2,9,8,34,35.26976418,20,0
10102,1-Aug-09,S2,9,9,36,47.66646142,20,0
10102,1-Aug-09,S2,9,10,32,25.62474666,20,0
10102,1-Aug-09,S2,9,11,34,35.26976418,20,0
10102,1-Aug-09,S2,9,12,35,41.09057525,20,0
10102,1-Aug-09,S2,9,13,35,41.09057525,20,0
10102,1-Aug-09,S2,9,14,35,41.09057525,20,0
10102,1-Aug-09,S2,9,15,36,47.66646142,20,0
10102,1-Aug-09,S2,9,16,32,25.62474666,20,0
10102,1-Aug-09,S2,9,17,32,25.62474666,20,0
10102,1-Aug-09,S2,9,18,32,25.62474666,20,0
10102,1-Aug-09,S2,9,19,35,41.09057525,20,0
10102,1-Aug-09,S2,9,20,31,21.6770828,20,0
10102,1-Aug-09,S2,10,1,40,83.04941641,20,250
10102,1-Aug-09,S2,10,2,32,25.62474666,20,250
10102,1-Aug-09,S2,10,3,36,47.66646142,20,250
10102,1-Aug-09,S2,10,4,38,63.37951266,20,250
10102,1-Aug-09,S2,10,5,36,47.66646142,20,250
10102,1-Aug-09,S2,10,6,34,35.26976418,20,250
10102,1-Aug-09,S2,10,7,35,41.09057525,20,250
10102,1-Aug-09,S2,10,8,35,41.09057525,20,250
10102,1-Aug-09,S2,10,9,35,41.09057525,20,250
10102,1-Aug-09,S2,10,10,36,47.66646142,20,250
10102,1-Aug-09,S2,10,11,32,25.62474666,20,250
10102,1-Aug-09,S2,10,12,32,25.62474666,20,250
10102,1-Aug-09,S2,10,13,35,41.09057525,20,250
10102,1-Aug-09,S2,10,14,33,30.13577137,20,250
10102,1-Aug-09,S2,10,15,35,41.09057525,20,250
10102,1-Aug-09,S2,10,16,35,41.09057525,20,250
10102,1-Aug-09,S2,10,17,34,35.26976418,20,250
10102,1-Aug-09,S2,10,18,32,25.62474666,20,250
10102,1-Aug-09,S2,10,19,31,21.6770828,20,250
10102,1-Aug-09,S2,10,20,31,21.6770828,20,250
10102,1-Aug-09,S2,12,1,37,55.0702515,10,0
10102,1-Aug-09,S2,12,2,30,18.23725282,10,0
10102,1-Aug-09,S2,12,3,31,21.6770828,10,0
10102,1-Aug-09,S2,12,4,36,47.66646142,10,0
10102,1-Aug-09,S2,12,5,35,41.09057525,10,0
10102,1-Aug-09,S2,12,6,36,47.66646142,10,0
10102,1-Aug-09,S2,12,7,37,55.0702515,10,0
10102,1-Aug-09,S2,12,8,37,55.0702515,10,0
10102,1-Aug-09,S2,12,9,40,83.04941641,10,0
10102,1-Aug-09,S2,12,10,37,55.0702515,10,0
10102,1-Aug-09,S2,13,1,37,55.0702515,2,250
10102,1-Aug-09,S2,13,2,35,41.09057525,2,250
10102,1-Aug-09,S2,13,3,37,55.0702515,2,250
10102,1-Aug-09,S2,14,1,36,47.66646142,10,250
10102,1-Aug-09,S2,14,2,37,55.0702515,10,250
10102,1-Aug-09,S2,14,3,37,55.0702515,10,250
10102,1-Aug-09,S2,14,4,34,35.26976418,10,250
10102,1-Aug-09,S2,14,5,36,47.66646142,10,250
10102,1-Aug-09,S2,14,6,37,55.0702515,10,250
10102,1-Aug-09,S2,14,7,33,30.13577137,10,250
10102,1-Aug-09,S2,14,8,36,47.66646142,10,250
10102,1-Aug-09,S2,14,9,31,21.6770828,10,250
10102,1-Aug-09,S2,14,10,32,25.62474666,10,250
10102,1-Aug-09,S2,17,1,31,21.6770828,10,25
10102,1-Aug-09,S2,17,2,31,21.6770828,10,25
10102,1-Aug-09,S2,17,3,35,41.09057525,10,25
10102,1-Aug-09,S2,17,4,37,55.0702515,10,25
10102,1-Aug-09,S2,17,5,34,35.26976418,10,25
10102,1-Aug-09,S2,17,6,31,21.6770828,10,25
10102,1-Aug-09,S2,17,7,32,25.62474666,10,25
10102,1-Aug-09,S2,17,8,33,30.13577137,10,25
10102,1-Aug-09,S2,17,9,37,55.0702515,10,25
10102,1-Aug-09,S2,17,10,31,21.6770828,10,25
10102,23-Aug-09,S3,1,1,33,30.13577137,20,125
10102,23-Aug-09,S3,1,2,37,55.0702515,20,125
10102,23-Aug-09,S3,1,3,38,63.37951266,20,125
10102,23-Aug-09,S3,1,4,36,47.66646142,20,125
10102,23-Aug-09,S3,1,5,37,55.0702515,20,125
10102,23-Aug-09,S3,1,6,36,47.66646142,20,125
10102,23-Aug-09,S3,1,7,36,47.66646142,20,125
10102,23-Aug-09,S3,1,8,37,55.0702515,20,125
10102,23-Aug-09,S3,1,9,37,55.0702515,20,125
10102,23-Aug-09,S3,1,10,36,47.66646142,20,125
10102,23-Aug-09,S3,1,11,36,47.66646142,20,125
10102,23-Aug-09,S3,1,12,37,55.0702515,20,125
10102,23-Aug-09,S3,1,13,34,35.26976418,20,125
10102,23-Aug-09,S3,1,14,36,47.66646142,20,125
10102,23-Aug-09,S3,1,15,33,30.13577137,20,125
10102,23-Aug-09,S3,1,16,33,30.13577137,20,125
10102,23-Aug-09,S3,1,17,37,55.0702515,20,125
10102,23-Aug-09,S3,1,18,37,55.0702515,20,125
10102,23-Aug-09,S3,1,19,37,55.0702515,20,125
10102,23-Aug-09,S3,1,20,36,47.66646142,20,125
10102,23-Aug-09,S3,2,1,35,41.09057525,2,125
10102,23-Aug-09,S3,2,2,34,35.26976418,2,125
10102,23-Aug-09,S3,3,1,36,47.66646142,2,0
10102,23-Aug-09,S3,3,2,32,25.62474666,2,0
10102,23-Aug-09,S3,6,1,32,25.62474666,20,25
10102,23-Aug-09,S3,6,2,37,55.0702515,20,25
10102,23-Aug-09,S3,6,3,36,47.66646142,20,25
10102,23-Aug-09,S3,6,4,36,47.66646142,20,25
10102,23-Aug-09,S3,6,5,32,25.62474666,20,25
10102,23-Aug-09,S3,6,6,35,41.09057525,20,25
10102,23-Aug-09,S3,6,7,36,47.66646142,20,25
10102,23-Aug-09,S3,6,8,31,21.6770828,20,25
10102,23-Aug-09,S3,6,9,35,41.09057525,20,25
10102,23-Aug-09,S3,6,10,32,25.62474666,20,25
10102,23-Aug-09,S3,6,11,36,47.66646142,20,25
10102,23-Aug-09,S3,6,12,35,41.09057525,20,25
10102,23-Aug-09,S3,6,13,35,41.09057525,20,25
10102,23-Aug-09,S3,6,14,35,41.09057525,20,25
10102,23-Aug-09,S3,6,15,34,35.26976418,20,25
10102,23-Aug-09,S3,6,16,36,47.66646142,20,25
10102,23-Aug-09,S3,6,17,35,41.09057525,20,25
10102,23-Aug-09,S3,6,18,31,21.6770828,20,25
10102,23-Aug-09,S3,6,19,32,25.62474666,20,25
10102,23-Aug-09,S3,6,20,35,41.09057525,20,25
10102,23-Aug-09,S3,7,1,34,35.26976418,2,25
10102,23-Aug-09,S3,7,2,31,21.6770828,2,25
10102,23-Aug-09,S3,8,1,34,35.26976418,10,125
10102,23-Aug-09,S3,8,2,35,41.09057525,10,125
10102,23-Aug-09,S3,8,3,34,35.26976418,10,125
10102,23-Aug-09,S3,8,4,32,25.62474666,10,125
10102,23-Aug-09,S3,8,5,31,21.6770828,10,125
10102,23-Aug-09,S3,8,6,33,30.13577137,10,125
10102,23-Aug-09,S3,8,7,34,35.26976418,10,125
10102,23-Aug-09,S3,8,8,34,35.26976418,10,125
10102,23-Aug-09,S3,8,9,35,41.09057525,10,125
10102,23-Aug-09,S3,8,10,34,35.26976418,10,125
10102,23-Aug-09,S3,8,11,27,10.4673259,10,125
10102,23-Aug-09,S3,9,1,36,47.66646142,20,0
10102,23-Aug-09,S3,9,2,37,55.0702515,20,0
10102,23-Aug-09,S3,9,3,36,47.66646142,20,0
10102,23-Aug-09,S3,9,4,37,55.0702515,20,0
10102,23-Aug-09,S3,9,5,32,25.62474666,20,0
10102,23-Aug-09,S3,9,6,37,55.0702515,20,0
10102,23-Aug-09,S3,9,7,38,63.37951266,20,0
10102,23-Aug-09,S3,9,8,36,47.66646142,20,0
10102,23-Aug-09,S3,9,9,33,30.13577137,20,0
10102,23-Aug-09,S3,9,10,32,25.62474666,20,0
10102,23-Aug-09,S3,9,11,36,47.66646142,20,0
10102,23-Aug-09,S3,9,12,36,47.66646142,20,0
10102,23-Aug-09,S3,9,13,32,25.62474666,20,0
10102,23-Aug-09,S3,9,14,35,41.09057525,20,0
10102,23-Aug-09,S3,9,15,32,25.62474666,20,0
10102,23-Aug-09,S3,9,16,34,35.26976418,20,0
10102,23-Aug-09,S3,9,17,34,35.26976418,20,0
10102,23-Aug-09,S3,9,18,34,35.26976418,20,0
10102,23-Aug-09,S3,9,19,36,47.66646142,20,0
10102,23-Aug-09,S3,9,20,34,35.26976418,20,0
10102,23-Aug-09,S3,10,1,31,21.6770828,20,250
10102,23-Aug-09,S3,10,2,36,47.66646142,20,250
10102,23-Aug-09,S3,10,3,35,41.09057525,20,250
10102,23-Aug-09,S3,10,4,38,63.37951266,20,250
10102,23-Aug-09,S3,10,5,33,30.13577137,20,250
10102,23-Aug-09,S3,10,6,36,47.66646142,20,250
10102,23-Aug-09,S3,10,7,35,41.09057525,20,250
10102,23-Aug-09,S3,10,8,36,47.66646142,20,250
10102,23-Aug-09,S3,10,9,36,47.66646142,20,250
10102,23-Aug-09,S3,10,10,31,21.6770828,20,250
10102,23-Aug-09,S3,10,11,31,21.6770828,20,250
10102,23-Aug-09,S3,10,12,31,21.6770828,20,250
10102,23-Aug-09,S3,10,13,31,21.6770828,20,250
10102,23-Aug-09,S3,10,14,31,21.6770828,20,250
10102,23-Aug-09,S3,10,15,34,35.26976418,20,250
10102,23-Aug-09,S3,10,16,34,35.26976418,20,250
10102,23-Aug-09,S3,10,17,35,41.09057525,20,250
10102,23-Aug-09,S3,10,18,31,21.6770828,20,250
10102,23-Aug-09,S3,10,19,36,47.66646142,20,250
10102,23-Aug-09,S3,10,20,35,41.09057525,20,250
10102,23-Aug-09,S3,12,1,34,35.26976418,10,0
10102,23-Aug-09,S3,12,2,35,41.09057525,10,0
10102,23-Aug-09,S3,12,3,35,41.09057525,10,0
10102,23-Aug-09,S3,12,4,35,41.09057525,10,0
10102,23-Aug-09,S3,12,5,36,47.66646142,10,0
10102,23-Aug-09,S3,12,6,35,41.09057525,10,0
10102,23-Aug-09,S3,12,7,31,21.6770828,10,0
10102,23-Aug-09,S3,12,8,36,47.66646142,10,0
10102,23-Aug-09,S3,12,9,35,41.09057525,10,0
10102,23-Aug-09,S3,12,10,31,21.6770828,10,0
10102,23-Aug-09,S3,13,1,36,47.66646142,2,250
10102,23-Aug-09,S3,13,2,32,25.62474666,2,250
10102,23-Aug-09,S3,14,1,37,55.0702515,10,250
10102,23-Aug-09,S3,14,2,37,55.0702515,10,250
10102,23-Aug-09,S3,14,3,32,25.62474666,10,250
10102,23-Aug-09,S3,14,4,35,41.09057525,10,250
10102,23-Aug-09,S3,14,5,33,30.13577137,10,250
10102,23-Aug-09,S3,14,6,36,47.66646142,10,250
10102,23-Aug-09,S3,14,7,35,41.09057525,10,250
10102,23-Aug-09,S3,14,8,35,41.09057525,10,250
10102,23-Aug-09,S3,14,9,35,41.09057525,10,250
10102,23-Aug-09,S3,14,10,32,25.62474666,10,250
10102,23-Aug-09,S3,17,1,36,47.66646142,10,25
10102,23-Aug-09,S3,17,2,32,25.62474666,10,25
10102,23-Aug-09,S3,17,3,33,30.13577137,10,25
10102,23-Aug-09,S3,17,4,34,35.26976418,10,25
10102,23-Aug-09,S3,17,5,36,47.66646142,10,25
10102,23-Aug-09,S3,17,6,33,30.13577137,10,25
10102,23-Aug-09,S3,17,7,31,21.6770828,10,25
10102,23-Aug-09,S3,17,8,33,30.13577137,10,25
10102,23-Aug-09,S3,17,9,31,21.6770828,10,25
10102,23-Aug-09,S3,17,10,34,35.26976418,10,25
10102,14-Sep-09,S4,1,1,35,41.09057525,20,125
10102,14-Sep-09,S4,1,2,35,41.09057525,20,125
10102,14-Sep-09,S4,1,3,35,41.09057525,20,125
10102,14-Sep-09,S4,1,4,35,41.09057525,20,125
10102,14-Sep-09,S4,1,5,34,35.26976418,20,125
10102,14-Sep-09,S4,1,6,34,35.26976418,20,125
10102,14-Sep-09,S4,1,7,34,35.26976418,20,125
10102,14-Sep-09,S4,1,8,35,41.09057525,20,125
10102,14-Sep-09,S4,1,9,33,30.13577137,20,125
10102,14-Sep-09,S4,1,10,35,41.09057525,20,125
10102,14-Sep-09,S4,1,11,34,35.26976418,20,125
10102,14-Sep-09,S4,1,12,35,41.09057525,20,125
10102,14-Sep-09,S4,1,13,37,55.0702515,20,125
10102,14-Sep-09,S4,1,14,36,47.66646142,20,125
10102,14-Sep-09,S4,1,15,34,35.26976418,20,125
10102,14-Sep-09,S4,1,16,36,47.66646142,20,125
10102,14-Sep-09,S4,1,17,35,41.09057525,20,125
10102,14-Sep-09,S4,1,18,31,21.6770828,20,125
10102,14-Sep-09,S4,1,19,31,21.6770828,20,125
10102,14-Sep-09,S4,1,20,34,35.26976418,20,125
10102,14-Sep-09,S4,2,1,36,47.66646142,2,125
10102,14-Sep-09,S4,2,2,34,35.26976418,2,125
10102,14-Sep-09,S4,3,1,33,30.13577137,2,0
10102,14-Sep-09,S4,3,2,36,47.66646142,2,0
10102,14-Sep-09,S4,6,1,35,41.09057525,20,25
10102,14-Sep-09,S4,6,2,36,47.66646142,20,25
10102,14-Sep-09,S4,6,3,36,47.66646142,20,25
10102,14-Sep-09,S4,6,4,36,47.66646142,20,25
10102,14-Sep-09,S4,6,5,35,41.09057525,20,25
10102,14-Sep-09,S4,6,6,36,47.66646142,20,25
10102,14-Sep-09,S4,6,7,35,41.09057525,20,25
10102,14-Sep-09,S4,6,8,34,35.26976418,20,25
10102,14-Sep-09,S4,6,9,35,41.09057525,20,25
10102,14-Sep-09,S4,6,10,35,41.09057525,20,25
10102,14-Sep-09,S4,6,11,32,25.62474666,20,25
10102,14-Sep-09,S4,6,12,35,41.09057525,20,25
10102,14-Sep-09,S4,6,13,31,21.6770828,20,25
10102,14-Sep-09,S4,6,14,36,47.66646142,20,25
10102,14-Sep-09,S4,6,15,33,30.13577137,20,25
10102,14-Sep-09,S4,6,16,30,18.23725282,20,25
10102,14-Sep-09,S4,6,17,36,47.66646142,20,25
10102,14-Sep-09,S4,6,18,33,30.13577137,20,25
10102,14-Sep-09,S4,6,19,31,21.6770828,20,25
10102,14-Sep-09,S4,6,20,30,18.23725282,20,25
10102,14-Sep-09,S4,7,1,35,41.09057525,2,25
10102,14-Sep-09,S4,7,2,32,25.62474666,2,25
10102,14-Sep-09,S4,8,1,34,35.26976418,10,125
10102,14-Sep-09,S4,8,2,35,41.09057525,10,125
10102,14-Sep-09,S4,8,3,33,30.13577137,10,125
10102,14-Sep-09,S4,8,4,34,35.26976418,10,125
10102,14-Sep-09,S4,8,5,31,21.6770828,10,125
10102,14-Sep-09,S4,8,6,35,41.09057525,10,125
10102,14-Sep-09,S4,8,7,36,47.66646142,10,125
10102,14-Sep-09,S4,8,8,33,30.13577137,10,125
10102,14-Sep-09,S4,8,9,30,18.23725282,10,125
10102,14-Sep-09,S4,8,10,27,10.4673259,10,125
10102,14-Sep-09,S4,9,1,36,47.66646142,20,0
10102,14-Sep-09,S4,9,2,35,41.09057525,20,0
10102,14-Sep-09,S4,9,3,36,47.66646142,20,0
10102,14-Sep-09,S4,9,4,32,25.62474666,20,0
10102,14-Sep-09,S4,9,5,36,47.66646142,20,0
10102,14-Sep-09,S4,9,6,35,41.09057525,20,0
10102,14-Sep-09,S4,9,7,36,47.66646142,20,0
10102,14-Sep-09,S4,9,8,31,21.6770828,20,0
10102,14-Sep-09,S4,9,9,35,41.09057525,20,0
10102,14-Sep-09,S4,9,10,33,30.13577137,20,0
10102,14-Sep-09,S4,9,11,37,55.0702515,20,0
10102,14-Sep-09,S4,9,12,35,41.09057525,20,0
10102,14-Sep-09,S4,9,13,35,41.09057525,20,0
10102,14-Sep-09,S4,9,14,33,30.13577137,20,0
10102,14-Sep-09,S4,9,15,31,21.6770828,20,0
10102,14-Sep-09,S4,9,16,35,41.09057525,20,0
10102,14-Sep-09,S4,9,17,36,47.66646142,20,0
10102,14-Sep-09,S4,9,18,34,35.26976418,20,0
10102,14-Sep-09,S4,9,19,34,35.26976418,20,0
10102,14-Sep-09,S4,9,20,33,30.13577137,20,0
10102,14-Sep-09,S4,10,1,34,35.26976418,20,250
10102,14-Sep-09,S4,10,2,35,41.09057525,20,250
10102,14-Sep-09,S4,10,3,31,21.6770828,20,250
10102,14-Sep-09,S4,10,4,38,63.37951266,20,250
10102,14-Sep-09,S4,10,5,33,30.13577137,20,250
10102,14-Sep-09,S4,10,6,36,47.66646142,20,250
10102,14-Sep-09,S4,10,7,31,21.6770828,20,250
10102,14-Sep-09,S4,10,8,36,47.66646142,20,250
10102,14-Sep-09,S4,10,9,31,21.6770828,20,250
10102,14-Sep-09,S4,10,10,35,41.09057525,20,250
10102,14-Sep-09,S4,10,11,34,35.26976418,20,250
10102,14-Sep-09,S4,10,12,35,41.09057525,20,250
10102,14-Sep-09,S4,10,13,31,21.6770828,20,250
10102,14-Sep-09,S4,10,14,35,41.09057525,20,250
10102,14-Sep-09,S4,10,15,36,47.66646142,20,250
10102,14-Sep-09,S4,10,16,35,41.09057525,20,250
10102,14-Sep-09,S4,10,17,36,47.66646142,20,250
10102,14-Sep-09,S4,10,18,31,21.6770828,20,250
10102,14-Sep-09,S4,10,19,32,25.62474666,20,250
10102,14-Sep-09,S4,10,20,35,41.09057525,20,250
10102,14-Sep-09,S4,12,1,36,47.66646142,10,0
10102,14-Sep-09,S4,12,2,36,47.66646142,10,0
10102,14-Sep-09,S4,12,3,35,41.09057525,10,0
10102,14-Sep-09,S4,12,4,36,47.66646142,10,0
10102,14-Sep-09,S4,12,5,32,25.62474666,10,0
10102,14-Sep-09,S4,12,6,37,55.0702515,10,0
10102,14-Sep-09,S4,12,7,37,55.0702515,10,0
10102,14-Sep-09,S4,12,8,33,30.13577137,10,0
10102,14-Sep-09,S4,12,9,29,15.25364885,10,0
10102,14-Sep-09,S4,12,10,31,21.6770828,10,0
10102,14-Sep-09,S4,13,1,35,41.09057525,2,250
10102,14-Sep-09,S4,13,2,31,21.6770828,2,250
10102,14-Sep-09,S4,14,1,31,21.6770828,10,250
10102,14-Sep-09,S4,14,2,36,47.66646142,10,250
10102,14-Sep-09,S4,14,3,35,41.09057525,10,250
10102,14-Sep-09,S4,14,4,33,30.13577137,10,250
10102,14-Sep-09,S4,14,5,37,55.0702515,10,250
10102,14-Sep-09,S4,14,6,35,41.09057525,10,250
10102,14-Sep-09,S4,14,7,35,41.09057525,10,250
10102,14-Sep-09,S4,14,8,35,41.09057525,10,250
10102,14-Sep-09,S4,14,9,34,35.26976418,10,250
10102,14-Sep-09,S4,14,10,35,41.09057525,10,250
10102,14-Sep-09,S4,17,1,33,30.13577137,10,25
10102,14-Sep-09,S4,17,2,36,47.66646142,10,25
10102,14-Sep-09,S4,17,3,31,21.6770828,10,25
10102,14-Sep-09,S4,17,4,36,47.66646142,10,25
10102,14-Sep-09,S4,17,5,32,25.62474666,10,25
10102,14-Sep-09,S4,17,6,33,30.13577137,10,25
10102,14-Sep-09,S4,17,7,32,25.62474666,10,25
10102,14-Sep-09,S4,17,8,32,25.62474666,10,25
10102,14-Sep-09,S4,17,9,31,21.6770828,10,25
10102,14-Sep-09,S4,17,10,31,21.6770828,10,25
10475,21-Jul-09,S1,1,1,37,55.0702515,20,250
10475,21-Jul-09,S1,1,2,27,10.4673259,20,250
10475,21-Jul-09,S1,1,3,36,47.66646142,20,250
10475,21-Jul-09,S1,1,4,36,47.66646142,20,250
10475,21-Jul-09,S1,1,5,29,15.25364885,20,250
10475,21-Jul-09,S1,1,6,35,41.09057525,20,250
10475,21-Jul-09,S1,1,7,36,47.66646142,20,250
10475,21-Jul-09,S1,1,8,30,18.23725282,20,250
10475,21-Jul-09,S1,1,9,29,15.25364885,20,250
10475,21-Jul-09,S1,1,10,29,15.25364885,20,250
10475,21-Jul-09,S1,1,11,36,47.66646142,20,250
10475,21-Jul-09,S1,1,12,28,12.6784224,20,250
10475,21-Jul-09,S1,1,13,28,12.6784224,20,250
10475,21-Jul-09,S1,1,14,27,10.4673259,20,250
10475,21-Jul-09,S1,1,15,37,55.0702515,20,250
10475,21-Jul-09,S1,1,16,28,12.6784224,20,250
10475,21-Jul-09,S1,1,17,35,41.09057525,20,250
10475,21-Jul-09,S1,1,18,28,12.6784224,20,250
10475,21-Jul-09,S1,1,19,27,10.4673259,20,250
10475,21-Jul-09,S1,1,20,37,55.0702515,20,250
10475,21-Jul-09,S1,2,1,36,47.66646142,20,25
10475,21-Jul-09,S1,2,2,30,18.23725282,20,25
10475,21-Jul-09,S1,2,3,29,15.25364885,20,25
10475,21-Jul-09,S1,2,4,29,15.25364885,20,25
10475,21-Jul-09,S1,2,5,37,55.0702515,20,25
10475,21-Jul-09,S1,2,6,29,15.25364885,20,25
10475,21-Jul-09,S1,2,7,37,55.0702515,20,25
10475,21-Jul-09,S1,2,8,37,55.0702515,20,25
10475,21-Jul-09,S1,2,9,28,12.6784224,20,25
10475,21-Jul-09,S1,2,10,27,10.4673259,20,25
10475,21-Jul-09,S1,2,11,35,41.09057525,20,25
10475,21-Jul-09,S1,2,12,29,15.25364885,20,25
10475,21-Jul-09,S1,2,13,37,55.0702515,20,25
10475,21-Jul-09,S1,2,14,28,12.6784224,20,25
10475,21-Jul-09,S1,2,15,36,47.66646142,20,25
10475,21-Jul-09,S1,2,16,29,15.25364885,20,25
10475,21-Jul-09,S1,2,17,29,15.25364885,20,25
10475,21-Jul-09,S1,2,18,35,41.09057525,20,25
10475,21-Jul-09,S1,2,19,38,63.37951266,20,25
10475,21-Jul-09,S1,2,20,29,15.25364885,20,25
10475,21-Jul-09,S1,3,1,36,47.66646142,2,125
10475,21-Jul-09,S1,3,2,29,15.25364885,2,125
10475,21-Jul-09,S1,4,1,28,12.6784224,2,250
10475,21-Jul-09,S1,4,2,37,55.0702515,2,250
10475,21-Jul-09,S1,5,1,28,12.6784224,20,125
10475,21-Jul-09,S1,5,2,37,55.0702515,20,125
10475,21-Jul-09,S1,5,3,37,55.0702515,20,125
10475,21-Jul-09,S1,5,4,29,15.25364885,20,125
10475,21-Jul-09,S1,5,5,37,55.0702515,20,125
10475,21-Jul-09,S1,5,6,28,12.6784224,20,125
10475,21-Jul-09,S1,5,7,37,55.0702515,20,125
10475,21-Jul-09,S1,5,8,36,47.66646142,20,125
10475,21-Jul-09,S1,5,9,29,15.25364885,20,125
10475,21-Jul-09,S1,5,10,37,55.0702515,20,125
10475,21-Jul-09,S1,5,11,29,15.25364885,20,125
10475,21-Jul-09,S1,5,12,37,55.0702515,20,125
10475,21-Jul-09,S1,5,13,36,47.66646142,20,125
10475,21-Jul-09,S1,5,14,27,10.4673259,20,125
10475,21-Jul-09,S1,5,15,28,12.6784224,20,125
10475,21-Jul-09,S1,5,16,37,55.0702515,20,125
10475,21-Jul-09,S1,5,17,28,12.6784224,20,125
10475,21-Jul-09,S1,5,18,29,15.25364885,20,125
10475,21-Jul-09,S1,5,19,37,55.0702515,20,125
10475,21-Jul-09,S1,5,20,29,15.25364885,20,125
10475,21-Jul-09,S1,7,1,37,55.0702515,10,25
10475,21-Jul-09,S1,7,2,37,55.0702515,10,25
10475,21-Jul-09,S1,7,3,28,12.6784224,10,25
10475,21-Jul-09,S1,7,4,28,12.6784224,10,25
10475,21-Jul-09,S1,7,5,37,55.0702515,10,25
10475,21-Jul-09,S1,7,6,30,18.23725282,10,25
10475,21-Jul-09,S1,7,7,29,15.25364885,10,25
10475,21-Jul-09,S1,7,8,37,55.0702515,10,25
10475,21-Jul-09,S1,7,9,29,15.25364885,10,25
10475,21-Jul-09,S1,7,10,36,47.66646142,10,25
10475,21-Jul-09,S1,10,1,36,47.66646142,2,0
10475,21-Jul-09,S1,10,2,28,12.6784224,2,0
10475,21-Jul-09,S1,11,1,36,47.66646142,10,125
10475,21-Jul-09,S1,11,2,37,55.0702515,10,125
10475,21-Jul-09,S1,11,3,29,15.25364885,10,125
10475,21-Jul-09,S1,11,4,28,12.6784224,10,125
10475,21-Jul-09,S1,11,5,29,15.25364885,10,125
10475,21-Jul-09,S1,11,6,35,41.09057525,10,125
10475,21-Jul-09,S1,11,7,37,55.0702515,10,125
10475,21-Jul-09,S1,11,8,36,47.66646142,10,125
10475,21-Jul-09,S1,11,9,30,18.23725282,10,125
10475,21-Jul-09,S1,11,10,36,47.66646142,10,125
10475,21-Jul-09,S1,13,1,37,55.0702515,10,0
10475,21-Jul-09,S1,13,2,37,55.0702515,10,0
10475,21-Jul-09,S1,13,3,29,15.25364885,10,0
10475,21-Jul-09,S1,13,4,37,55.0702515,10,0
10475,21-Jul-09,S1,13,5,37,55.0702515,10,0
10475,21-Jul-09,S1,13,6,29,15.25364885,10,0
10475,21-Jul-09,S1,13,7,29,15.25364885,10,0
10475,21-Jul-09,S1,13,8,29,15.25364885,10,0
10475,21-Jul-09,S1,13,9,30,18.23725282,10,0
10475,21-Jul-09,S1,13,10,37,55.0702515,10,0
10475,21-Jul-09,S1,15,1,30,18.23725282,2,25
10475,21-Jul-09,S1,15,2,37,55.0702515,2,25
10475,21-Jul-09,S1,16,1,37,55.0702515,10,250
10475,21-Jul-09,S1,16,2,36,47.66646142,10,250
10475,21-Jul-09,S1,16,3,30,18.23725282,10,250
10475,21-Jul-09,S1,16,4,28,12.6784224,10,250
10475,21-Jul-09,S1,16,5,30,18.23725282,10,250
10475,21-Jul-09,S1,16,6,36,47.66646142,10,250
10475,21-Jul-09,S1,16,7,29,15.25364885,10,250
10475,21-Jul-09,S1,16,8,29,15.25364885,10,250
10475,21-Jul-09,S1,16,9,36,47.66646142,10,250
10475,21-Jul-09,S1,16,10,30,18.23725282,10,250
10475,21-Jul-09,S1,17,1,28,12.6784224,20,0
10475,21-Jul-09,S1,17,2,29,15.25364885,20,0
10475,21-Jul-09,S1,17,3,37,55.0702515,20,0
10475,21-Jul-09,S1,17,4,28,12.6784224,20,0
10475,21-Jul-09,S1,17,5,37,55.0702515,20,0
10475,21-Jul-09,S1,17,6,37,55.0702515,20,0
10475,21-Jul-09,S1,17,7,29,15.25364885,20,0
10475,21-Jul-09,S1,17,8,28,12.6784224,20,0
10475,21-Jul-09,S1,17,9,29,15.25364885,20,0
10475,21-Jul-09,S1,17,10,38,63.37951266,20,0
10475,21-Jul-09,S1,17,11,29,15.25364885,20,0
10475,21-Jul-09,S1,17,12,37,55.0702515,20,0
10475,21-Jul-09,S1,17,13,29,15.25364885,20,0
10475,21-Jul-09,S1,17,14,36,47.66646142,20,0
10475,21-Jul-09,S1,17,15,37,55.0702515,20,0
10475,21-Jul-09,S1,17,16,28,12.6784224,20,0
10475,21-Jul-09,S1,17,17,36,47.66646142,20,0
10475,21-Jul-09,S1,17,18,29,15.25364885,20,0
10475,21-Jul-09,S1,17,19,36,47.66646142,20,0
10475,21-Jul-09,S1,17,20,29,15.25364885,20,0
10475,12-Aug-09,S2,1,1,36,47.66646142,20,250
10475,12-Aug-09,S2,1,2,38,63.37951266,20,250
10475,12-Aug-09,S2,1,3,37,55.0702515,20,250
10475,12-Aug-09,S2,1,4,41,94.59040089,20,250
10475,12-Aug-09,S2,1,5,28,12.6784224,20,250
10475,12-Aug-09,S2,1,6,37,55.0702515,20,250
10475,12-Aug-09,S2,1,7,29,15.25364885,20,250
10475,12-Aug-09,S2,1,8,27,10.4673259,20,250
10475,12-Aug-09,S2,1,9,37,55.0702515,20,250
10475,12-Aug-09,S2,1,10,28,12.6784224,20,250
10475,12-Aug-09,S2,1,11,28,12.6784224,20,250
10475,12-Aug-09,S2,1,12,37,55.0702515,20,250
10475,12-Aug-09,S2,1,13,31,21.6770828,20,250
10475,12-Aug-09,S2,1,14,28,12.6784224,20,250
10475,12-Aug-09,S2,1,15,30,18.23725282,20,250
10475,12-Aug-09,S2,1,16,31,21.6770828,20,250
10475,12-Aug-09,S2,1,17,29,15.25364885,20,250
10475,12-Aug-09,S2,1,18,37,55.0702515,20,250
10475,12-Aug-09,S2,1,19,37,55.0702515,20,250
10475,12-Aug-09,S2,2,1,38,63.37951266,20,25
10475,12-Aug-09,S2,2,2,39,72.67671818,20,25
10475,12-Aug-09,S2,2,3,37,55.0702515,20,25
10475,12-Aug-09,S2,2,4,37,55.0702515,20,25
10475,12-Aug-09,S2,2,5,40,83.04941641,20,25
10475,12-Aug-09,S2,2,6,40,83.04941641,20,25
10475,12-Aug-09,S2,2,7,40,83.04941641,20,25
10475,12-Aug-09,S2,2,8,41,94.59040089,20,25
10475,12-Aug-09,S2,2,9,30,18.23725282,20,25
10475,12-Aug-09,S2,2,10,30,18.23725282,20,25
10475,12-Aug-09,S2,2,11,31,21.6770828,20,25
10475,12-Aug-09,S2,2,12,31,21.6770828,20,25
10475,12-Aug-09,S2,2,13,40,83.04941641,20,25
10475,12-Aug-09,S2,2,14,29,15.25364885,20,25
10475,12-Aug-09,S2,2,15,29,15.25364885,20,25
10475,12-Aug-09,S2,2,16,29,15.25364885,20,25
10475,12-Aug-09,S2,2,17,30,18.23725282,20,25
10475,12-Aug-09,S2,2,18,29,15.25364885,20,25
10475,12-Aug-09,S2,2,19,29,15.25364885,20,25
10475,12-Aug-09,S2,2,20,29,15.25364885,20,25
10475,12-Aug-09,S2,3,1,39,72.67671818,2,125
10475,12-Aug-09,S2,3,2,32,25.62474666,2,125
10475,12-Aug-09,S2,4,1,37,55.0702515,2,250
10475,12-Aug-09,S2,4,2,33,30.13577137,2,250
10475,12-Aug-09,S2,5,1,41,94.59040089,20,125
10475,12-Aug-09,S2,5,2,41,94.59040089,20,125
10475,12-Aug-09,S2,5,3,38,63.37951266,20,125
10475,12-Aug-09,S2,5,4,38,63.37951266,20,125
10475,12-Aug-09,S2,5,5,38,63.37951266,20,125
10475,12-Aug-09,S2,5,6,31,21.6770828,20,125
10475,12-Aug-09,S2,5,7,28,12.6784224,20,125
10475,12-Aug-09,S2,5,8,30,18.23725282,20,125
10475,12-Aug-09,S2,5,9,29,15.25364885,20,125
10475,12-Aug-09,S2,5,10,31,21.6770828,20,125
10475,12-Aug-09,S2,5,11,29,15.25364885,20,125
10475,12-Aug-09,S2,5,12,29,15.25364885,20,125
10475,12-Aug-09,S2,5,13,28,12.6784224,20,125
10475,12-Aug-09,S2,5,14,28,12.6784224,20,125
10475,12-Aug-09,S2,5,16,37,55.0702515,20,125
10475,12-Aug-09,S2,5,17,29,15.25364885,20,125
10475,12-Aug-09,S2,5,18,37,55.0702515,20,125
10475,12-Aug-09,S2,5,19,37,55.0702515,20,125
10475,12-Aug-09,S2,5,20,39,72.67671818,20,125
10475,12-Aug-09,S2,7,1,41,94.59040089,10,25
10475,12-Aug-09,S2,7,2,41,94.59040089,10,25
10475,12-Aug-09,S2,7,3,40,83.04941641,10,25
10475,12-Aug-09,S2,7,4,40,83.04941641,10,25
10475,12-Aug-09,S2,7,5,38,63.37951266,10,25
10475,12-Aug-09,S2,7,6,28,12.6784224,10,25
10475,12-Aug-09,S2,7,7,31,21.6770828,10,25
10475,12-Aug-09,S2,7,8,31,21.6770828,10,25
10475,12-Aug-09,S2,7,9,31,21.6770828,10,25
10475,12-Aug-09,S2,7,10,30,18.23725282,10,25
10475,12-Aug-09,S2,10,1,31,21.6770828,2,0
10475,12-Aug-09,S2,11,1,37,55.0702515,10,125
10475,12-Aug-09,S2,11,2,38,63.37951266,10,125
10475,12-Aug-09,S2,11,3,38,63.37951266,10,125
10475,12-Aug-09,S2,11,4,38,63.37951266,10,125
10475,12-Aug-09,S2,11,5,41,94.59040089,10,125
10475,12-Aug-09,S2,11,6,39,72.67671818,10,125
10475,12-Aug-09,S2,11,8,30,18.23725282,10,125
10475,12-Aug-09,S2,11,9,30,18.23725282,10,125
10475,12-Aug-09,S2,11,10,29,15.25364885,10,125
10475,12-Aug-09,S2,11,11,29,15.25364885,10,125
10475,12-Aug-09,S2,13,1,41,94.59040089,10,0
10475,12-Aug-09,S2,13,2,40,83.04941641,10,0
10475,12-Aug-09,S2,13,3,39,72.67671818,10,0
10475,12-Aug-09,S2,13,4,38,63.37951266,10,0
10475,12-Aug-09,S2,13,5,37,55.0702515,10,0
10475,12-Aug-09,S2,13,6,30,18.23725282,10,0
10475,12-Aug-09,S2,13,7,29,15.25364885,10,0
10475,12-Aug-09,S2,13,8,30,18.23725282,10,0
10475,12-Aug-09,S2,13,9,30,18.23725282,10,0
10475,12-Aug-09,S2,13,10,28,12.6784224,10,0
10475,12-Aug-09,S2,16,1,38,63.37951266,10,250
10475,12-Aug-09,S2,16,2,30,18.23725282,10,250
10475,12-Aug-09,S2,16,3,37,55.0702515,10,250
10475,12-Aug-09,S2,16,4,31,21.6770828,10,250
10475,12-Aug-09,S2,16,5,31,21.6770828,10,250
10475,12-Aug-09,S2,16,6,30,18.23725282,10,250
10475,12-Aug-09,S2,16,7,31,21.6770828,10,250
10475,12-Aug-09,S2,16,8,37,55.0702515,10,250
10475,12-Aug-09,S2,16,9,28,12.6784224,10,250
10475,12-Aug-09,S2,16,10,38,63.37951266,10,250
10475,12-Aug-09,S2,17,2,41,94.59040089,20,0
10475,12-Aug-09,S2,17,3,41,94.59040089,20,0
10475,12-Aug-09,S2,17,4,41,94.59040089,20,0
10475,12-Aug-09,S2,17,5,37,55.0702515,20,0
10475,12-Aug-09,S2,17,6,39,72.67671818,20,0
10475,12-Aug-09,S2,17,7,38,63.37951266,20,0
10475,12-Aug-09,S2,17,9,37,55.0702515,20,0
10475,12-Aug-09,S2,17,10,37,55.0702515,20,0
10475,12-Aug-09,S2,17,11,32,25.62474666,20,0
10475,12-Aug-09,S2,17,12,31,21.6770828,20,0
10475,12-Aug-09,S2,17,13,29,15.25364885,20,0
10475,12-Aug-09,S2,17,14,30,18.23725282,20,0
10475,12-Aug-09,S2,17,15,29,15.25364885,20,0
10475,12-Aug-09,S2,17,16,29,15.25364885,20,0
10475,12-Aug-09,S2,17,17,30,18.23725282,20,0
10475,12-Aug-09,S2,17,18,29,15.25364885,20,0
10475,12-Aug-09,S2,17,19,27,10.4673259,20,0
10475,12-Aug-09,S2,17,20,28,12.6784224,20,0
10475,31-Aug-09,S3,1,1,37,55.0702515,20,250
10475,31-Aug-09,S3,1,2,38,63.37951266,20,250
10475,31-Aug-09,S3,1,3,40,83.04941641,20,250
10475,31-Aug-09,S3,1,4,37,55.0702515,20,250
10475,31-Aug-09,S3,1,5,36,47.66646142,20,250
10475,31-Aug-09,S3,1,6,37,55.0702515,20,250
10475,31-Aug-09,S3,1,7,36,47.66646142,20,250
10475,31-Aug-09,S3,1,8,33,30.13577137,20,250
10475,31-Aug-09,S3,1,9,35,41.09057525,20,250
10475,31-Aug-09,S3,1,10,27,10.4673259,20,250
10475,31-Aug-09,S3,1,11,32,25.62474666,20,250
10475,31-Aug-09,S3,1,12,31,21.6770828,20,250
10475,31-Aug-09,S3,1,13,30,18.23725282,20,250
10475,31-Aug-09,S3,1,14,28,12.6784224,20,250
10475,31-Aug-09,S3,1,15,30,18.23725282,20,250
10475,31-Aug-09,S3,1,16,29,15.25364885,20,250
10475,31-Aug-09,S3,1,17,29,15.25364885,20,250
10475,31-Aug-09,S3,1,18,28,12.6784224,20,250
10475,31-Aug-09,S3,1,19,27,10.4673259,20,250
10475,31-Aug-09,S3,2,1,38,63.37951266,20,25
10475,31-Aug-09,S3,2,2,37,55.0702515,20,25
10475,31-Aug-09,S3,2,3,37,55.0702515,20,25
10475,31-Aug-09,S3,2,4,31,21.6770828,20,25
10475,31-Aug-09,S3,2,5,31,21.6770828,20,25
10475,31-Aug-09,S3,2,6,31,21.6770828,20,25
10475,31-Aug-09,S3,2,7,34,35.26976418,20,25
10475,31-Aug-09,S3,2,8,30,18.23725282,20,25
10475,31-Aug-09,S3,2,9,31,21.6770828,20,25
10475,31-Aug-09,S3,2,10,30,18.23725282,20,25
10475,31-Aug-09,S3,2,11,30,18.23725282,20,25
10475,31-Aug-09,S3,2,12,31,21.6770828,20,25
10475,31-Aug-09,S3,2,13,31,21.6770828,20,25
10475,31-Aug-09,S3,2,14,31,21.6770828,20,25
10475,31-Aug-09,S3,2,15,30,18.23725282,20,25
10475,31-Aug-09,S3,2,16,29,15.25364885,20,25
10475,31-Aug-09,S3,2,17,30,18.23725282,20,25
10475,31-Aug-09,S3,2,18,29,15.25364885,20,25
10475,31-Aug-09,S3,2,19,29,15.25364885,20,25
10475,31-Aug-09,S3,2,20,29,15.25364885,20,25
10475,31-Aug-09,S3,3,1,33,30.13577137,2,125
10475,31-Aug-09,S3,3,2,31,21.6770828,2,125
10475,31-Aug-09,S3,4,1,35,41.09057525,2,250
10475,31-Aug-09,S3,4,2,33,30.13577137,2,250
10475,31-Aug-09,S3,5,1,39,72.67671818,20,125
10475,31-Aug-09,S3,5,2,38,63.37951266,20,125
10475,31-Aug-09,S3,5,3,37,55.0702515,20,125
10475,31-Aug-09,S3,5,4,38,63.37951266,20,125
10475,31-Aug-09,S3,5,5,38,63.37951266,20,125
10475,31-Aug-09,S3,5,6,39,72.67671818,20,125
10475,31-Aug-09,S3,5,7,36,47.66646142,20,125
10475,31-Aug-09,S3,5,8,28,12.6784224,20,125
10475,31-Aug-09,S3,5,9,31,21.6770828,20,125
10475,31-Aug-09,S3,5,10,31,21.6770828,20,125
10475,31-Aug-09,S3,5,11,29,15.25364885,20,125
10475,31-Aug-09,S3,5,12,33,30.13577137,20,125
10475,31-Aug-09,S3,5,13,28,12.6784224,20,125
10475,31-Aug-09,S3,5,14,29,15.25364885,20,125
10475,31-Aug-09,S3,5,15,28,12.6784224,20,125
10475,31-Aug-09,S3,5,16,29,15.25364885,20,125
10475,31-Aug-09,S3,5,17,28,12.6784224,20,125
10475,31-Aug-09,S3,7,1,37,55.0702515,10,25
10475,31-Aug-09,S3,7,2,29,15.25364885,10,25
10475,31-Aug-09,S3,7,3,31,21.6770828,10,25
10475,31-Aug-09,S3,7,4,31,21.6770828,10,25
10475,31-Aug-09,S3,7,5,31,21.6770828,10,25
10475,31-Aug-09,S3,7,6,31,21.6770828,10,25
10475,31-Aug-09,S3,7,7,31,21.6770828,10,25
10475,31-Aug-09,S3,7,8,30,18.23725282,10,25
10475,31-Aug-09,S3,7,9,31,21.6770828,10,25
10475,31-Aug-09,S3,7,10,31,21.6770828,10,25
10475,31-Aug-09,S3,10,1,37,55.0702515,10,0
10475,31-Aug-09,S3,10,2,31,21.6770828,10,0
10475,31-Aug-09,S3,11,1,37,55.0702515,10,125
10475,31-Aug-09,S3,11,2,37,55.0702515,10,125
10475,31-Aug-09,S3,11,3,36,47.66646142,10,125
10475,31-Aug-09,S3,11,4,37,55.0702515,10,125
10475,31-Aug-09,S3,11,5,31,21.6770828,10,125
10475,31-Aug-09,S3,11,6,30,18.23725282,10,125
10475,31-Aug-09,S3,11,7,31,21.6770828,10,125
10475,31-Aug-09,S3,11,8,29,15.25364885,10,125
10475,31-Aug-09,S3,11,9,29,15.25364885,10,125
10475,31-Aug-09,S3,11,10,28,12.6784224,10,125
10475,31-Aug-09,S3,13,1,37,55.0702515,10,0
10475,31-Aug-09,S3,13,2,37,55.0702515,10,0
10475,31-Aug-09,S3,13,3,31,21.6770828,10,0
10475,31-Aug-09,S3,13,4,30,18.23725282,10,0
10475,31-Aug-09,S3,13,5,31,21.6770828,10,0
10475,31-Aug-09,S3,13,6,30,18.23725282,10,0
10475,31-Aug-09,S3,13,7,29,15.25364885,10,0
10475,31-Aug-09,S3,13,8,29,15.25364885,10,0
10475,31-Aug-09,S3,13,9,30,18.23725282,10,0
10475,31-Aug-09,S3,13,10,29,15.25364885,10,0
10475,31-Aug-09,S3,15,1,37,55.0702515,2,25
10475,31-Aug-09,S3,15,2,31,21.6770828,2,25
10475,31-Aug-09,S3,16,1,40,83.04941641,10,250
10475,31-Aug-09,S3,16,2,38,63.37951266,10,250
10475,31-Aug-09,S3,16,3,38,63.37951266,10,250
10475,31-Aug-09,S3,16,4,31,21.6770828,10,250
10475,31-Aug-09,S3,16,5,31,21.6770828,10,250
10475,31-Aug-09,S3,16,6,31,21.6770828,10,250
10475,31-Aug-09,S3,16,7,30,18.23725282,10,250
10475,31-Aug-09,S3,16,8,30,18.23725282,10,250
10475,31-Aug-09,S3,16,9,31,21.6770828,10,250
10475,31-Aug-09,S3,17,1,32,25.62474666,20,0
10475,31-Aug-09,S3,17,2,37,55.0702515,20,0
10475,31-Aug-09,S3,17,3,37,55.0702515,20,0
10475,31-Aug-09,S3,17,4,39,72.67671818,20,0
10475,31-Aug-09,S3,17,5,37,55.0702515,20,0
10475,31-Aug-09,S3,17,7,28,12.6784224,20,0
10475,31-Aug-09,S3,17,8,31,21.6770828,20,0
10475,31-Aug-09,S3,17,9,31,21.6770828,20,0
10475,31-Aug-09,S3,17,10,29,15.25364885,20,0
10475,31-Aug-09,S3,17,11,30,18.23725282,20,0
10475,31-Aug-09,S3,17,12,29,15.25364885,20,0
10475,31-Aug-09,S3,17,13,28,12.6784224,20,0
10475,31-Aug-09,S3,17,14,31,21.6770828,20,0
10475,31-Aug-09,S3,17,15,28,12.6784224,20,0
10475,31-Aug-09,S3,17,16,29,15.25364885,20,0
10475,31-Aug-09,S3,17,17,31,21.6770828,20,0
10475,31-Aug-09,S3,17,18,31,21.6770828,20,0
10475,31-Aug-09,S3,17,19,30,18.23725282,20,0
10475,21-Sep-09,S4,1,1,40,83.04941641,20,250
10475,21-Sep-09,S4,1,2,39,72.67671818,20,250
10475,21-Sep-09,S4,1,3,38,63.37951266,20,250
10475,21-Sep-09,S4,1,4,38,63.37951266,20,250
10475,21-Sep-09,S4,1,5,38,63.37951266,20,250
10475,21-Sep-09,S4,1,6,33,30.13577137,20,250
10475,21-Sep-09,S4,1,7,31,21.6770828,20,250
10475,21-Sep-09,S4,1,8,33,30.13577137,20,250
10475,21-Sep-09,S4,1,9,28,12.6784224,20,250
10475,21-Sep-09,S4,1,10,36,47.66646142,20,250
10475,21-Sep-09,S4,1,11,28,12.6784224,20,250
10475,21-Sep-09,S4,1,12,28,12.6784224,20,250
10475,21-Sep-09,S4,1,13,30,18.23725282,20,250
10475,21-Sep-09,S4,1,14,28,12.6784224,20,250
10475,21-Sep-09,S4,1,15,29,15.25364885,20,250
10475,21-Sep-09,S4,1,16,28,12.6784224,20,250
10475,21-Sep-09,S4,1,17,28,12.6784224,20,250
10475,21-Sep-09,S4,2,1,37,55.0702515,20,25
10475,21-Sep-09,S4,2,2,36,47.66646142,20,25
10475,21-Sep-09,S4,2,3,37,55.0702515,20,25
10475,21-Sep-09,S4,2,4,31,21.6770828,20,25
10475,21-Sep-09,S4,2,5,29,15.25364885,20,25
10475,21-Sep-09,S4,2,6,30,18.23725282,20,25
10475,21-Sep-09,S4,2,7,30,18.23725282,20,25
10475,21-Sep-09,S4,2,8,30,18.23725282,20,25
10475,21-Sep-09,S4,2,9,31,21.6770828,20,25
10475,21-Sep-09,S4,2,10,30,18.23725282,20,25
10475,21-Sep-09,S4,2,11,31,21.6770828,20,25
10475,21-Sep-09,S4,2,12,30,18.23725282,20,25
10475,21-Sep-09,S4,2,13,34,35.26976418,20,25
10475,21-Sep-09,S4,2,14,29,15.25364885,20,25
10475,21-Sep-09,S4,2,15,30,18.23725282,20,25
10475,21-Sep-09,S4,2,16,29,15.25364885,20,25
10475,21-Sep-09,S4,2,17,31,21.6770828,20,25
10475,21-Sep-09,S4,2,18,29,15.25364885,20,25
10475,21-Sep-09,S4,2,19,31,21.6770828,20,25
10475,21-Sep-09,S4,2,20,28,12.6784224,20,25
10475,21-Sep-09,S4,3,1,32,25.62474666,2,125
10475,21-Sep-09,S4,3,2,31,21.6770828,2,125
10475,21-Sep-09,S4,4,1,34,35.26976418,2,250
10475,21-Sep-09,S4,4,2,33,30.13577137,2,250
10475,21-Sep-09,S4,5,1,40,83.04941641,20,125
10475,21-Sep-09,S4,5,2,40,83.04941641,20,125
10475,21-Sep-09,S4,5,3,38,63.37951266,20,125
10475,21-Sep-09,S4,5,4,37,55.0702515,20,125
10475,21-Sep-09,S4,5,5,37,55.0702515,20,125
10475,21-Sep-09,S4,5,6,31,21.6770828,20,125
10475,21-Sep-09,S4,5,7,31,21.6770828,20,125
10475,21-Sep-09,S4,5,8,31,21.6770828,20,125
10475,21-Sep-09,S4,5,9,36,47.66646142,20,125
10475,21-Sep-09,S4,5,10,31,21.6770828,20,125
10475,21-Sep-09,S4,5,11,31,21.6770828,20,125
10475,21-Sep-09,S4,5,12,29,15.25364885,20,125
10475,21-Sep-09,S4,5,13,28,12.6784224,20,125
10475,21-Sep-09,S4,5,14,28,12.6784224,20,125
10475,21-Sep-09,S4,5,15,29,15.25364885,20,125
10475,21-Sep-09,S4,5,16,28,12.6784224,20,125
10475,21-Sep-09,S4,5,17,29,15.25364885,20,125
10475,21-Sep-09,S4,5,18,30,18.23725282,20,125
10475,21-Sep-09,S4,5,19,29,15.25364885,20,125
10475,21-Sep-09,S4,5,20,28,12.6784224,20,125
10475,21-Sep-09,S4,7,1,37,55.0702515,10,25
10475,21-Sep-09,S4,7,2,32,25.62474666,10,25
10475,21-Sep-09,S4,7,3,31,21.6770828,10,25
10475,21-Sep-09,S4,7,4,31,21.6770828,10,25
10475,21-Sep-09,S4,7,5,31,21.6770828,10,25
10475,21-Sep-09,S4,7,6,32,25.62474666,10,25
10475,21-Sep-09,S4,7,7,30,18.23725282,10,25
10475,21-Sep-09,S4,7,8,31,21.6770828,10,25
10475,21-Sep-09,S4,7,9,31,21.6770828,10,25
10475,21-Sep-09,S4,7,10,28,12.6784224,10,25
10475,21-Sep-09,S4,10,1,31,21.6770828,2,0
10475,21-Sep-09,S4,10,2,37,55.0702515,2,0
10475,21-Sep-09,S4,11,1,37,55.0702515,10,125
10475,21-Sep-09,S4,11,2,29,15.25364885,10,125
10475,21-Sep-09,S4,11,3,29,15.25364885,10,125
10475,21-Sep-09,S4,11,4,37,55.0702515,10,125
10475,21-Sep-09,S4,11,5,31,21.6770828,10,125
10475,21-Sep-09,S4,11,6,29,15.25364885,10,125
10475,21-Sep-09,S4,11,7,31,21.6770828,10,125
10475,21-Sep-09,S4,11,8,37,55.0702515,10,125
10475,21-Sep-09,S4,11,9,38,63.37951266,10,125
10475,21-Sep-09,S4,13,1,32,25.62474666,10,0
10475,21-Sep-09,S4,13,2,27,10.4673259,10,0
10475,21-Sep-09,S4,13,3,28,12.6784224,10,0
10475,21-Sep-09,S4,13,4,31,21.6770828,10,0
10475,21-Sep-09,S4,13,5,29,15.25364885,10,0
10475,21-Sep-09,S4,13,6,31,21.6770828,10,0
10475,21-Sep-09,S4,13,7,29,15.25364885,10,0
10475,21-Sep-09,S4,13,8,31,21.6770828,10,0
10475,21-Sep-09,S4,13,9,36,47.66646142,10,0
10475,21-Sep-09,S4,13,10,37,55.0702515,10,0
10475,21-Sep-09,S4,15,1,31,21.6770828,2,25
10475,21-Sep-09,S4,15,2,37,55.0702515,2,25
10475,21-Sep-09,S4,16,1,38,63.37951266,10,250
10475,21-Sep-09,S4,16,2,38,63.37951266,10,250
10475,21-Sep-09,S4,16,3,31,21.6770828,10,250
10475,21-Sep-09,S4,16,4,30,18.23725282,10,250
10475,21-Sep-09,S4,16,5,33,30.13577137,10,250
10475,21-Sep-09,S4,16,6,30,18.23725282,10,250
10475,21-Sep-09,S4,16,7,31,21.6770828,10,250
10475,21-Sep-09,S4,16,8,29,15.25364885,10,250
10475,21-Sep-09,S4,16,9,30,18.23725282,10,250
10475,21-Sep-09,S4,16,10,30,18.23725282,10,250
10475,21-Sep-09,S4,17,1,37,55.0702515,20,0
10475,21-Sep-09,S4,17,2,38,63.37951266,20,0
10475,21-Sep-09,S4,17,3,37,55.0702515,20,0
10475,21-Sep-09,S4,17,4,32,25.62474666,20,0
10475,21-Sep-09,S4,17,5,33,30.13577137,20,0
10475,21-Sep-09,S4,17,6,34,35.26976418,20,0
10475,21-Sep-09,S4,17,7,31,21.6770828,20,0
10475,21-Sep-09,S4,17,8,31,21.6770828,20,0
10475,21-Sep-09,S4,17,9,29,15.25364885,20,0
10475,21-Sep-09,S4,17,10,29,15.25364885,20,0
10475,21-Sep-09,S4,17,11,29,15.25364885,20,0
10475,21-Sep-09,S4,17,12,29,15.25364885,20,0
10475,21-Sep-09,S4,17,13,28,12.6784224,20,0
10475,21-Sep-09,S4,17,14,29,15.25364885,20,0
10475,21-Sep-09,S4,17,15,29,15.25364885,20,0
10475,21-Sep-09,S4,17,16,28,12.6784224,20,0
10475,21-Sep-09,S4,17,17,28,12.6784224,20,0
10475,21-Sep-09,S4,17,18,30,18.23725282,20,0
10102,15-Jul-09,S1,4,0,0,0,0,125
10102,15-Jul-09,S1,5,0,0,0,0,250
10102,15-Jul-09,S1,11,0,0,0,0,0
10102,15-Jul-09,S1,15,0,0,0,0,0
10102,15-Jul-09,S1,16,0,0,0,0,25
10102,1-Aug-09,S2,4,0,0,0,0,125
10102,1-Aug-09,S2,5,0,0,0,0,250
10102,1-Aug-09,S2,11,0,0,0,0,0
10102,1-Aug-09,S2,15,0,0,0,0,0
10102,1-Aug-09,S2,16,0,0,0,0,25
10102,23-Aug-09,S3,4,0,0,0,0,125
10102,23-Aug-09,S3,5,0,0,0,0,250
10102,23-Aug-09,S3,11,0,0,0,0,0
10102,23-Aug-09,S3,15,0,0,0,0,0
10102,23-Aug-09,S3,16,0,0,0,0,25
10102,14-Sep-09,S4,4,0,0,0,0,125
10102,14-Sep-09,S4,5,0,0,0,0,250
10102,14-Sep-09,S4,11,0,0,0,0,0
10102,14-Sep-09,S4,15,0,0,0,0,0
10102,14-Sep-09,S4,16,0,0,0,0,25
10475,21-Jul-09,S1,6,0,0,0,0,0
10475,21-Jul-09,S1,8,0,0,0,0,250
10475,21-Jul-09,S1,9,0,0,0,0,125
10475,21-Jul-09,S1,12,0,0,0,0,25
10475,21-Jul-09,S1,14,0,0,0,0,0
10475,12-Aug-09,S2,6,0,0,0,0,0
10475,12-Aug-09,S2,8,0,0,0,0,250
10475,12-Aug-09,S2,9,0,0,0,0,125
10475,12-Aug-09,S2,12,0,0,0,0,25
10475,12-Aug-09,S2,14,0,0,0,0,0
10475,31-Aug-09,S3,6,0,0,0,0,0
10475,31-Aug-09,S3,8,0,0,0,0,250
10475,31-Aug-09,S3,9,0,0,0,0,125
10475,31-Aug-09,S3,12,0,0,0,0,25
10475,31-Aug-09,S3,14,0,0,0,0,0
10475,21-Sep-09,S4,6,0,0,0,0,0
10475,21-Sep-09,S4,8,0,0,0,0,250
10475,21-Sep-09,S4,9,0,0,0,0,125
10475,21-Sep-09,S4,12,0,0,0,0,25
10475,21-Sep-09,S4,14,0,0,0,0,0
10475,12-Aug-09,S2,15,1,38,63.37951266,2,25
10475,12-Aug-09,S2,15,2,30,18.23725282,2,25
