,LakeID,SampleDate,CageNumber,AnimalNumber,GosnerStage,TadpoleWeight,TxDens
109,10102,15-Jul-09,1,1,37,8.2,20
110,10102,15-Jul-09,1,2,38,7.6,20
111,10102,15-Jul-09,1,3,31,2.6,20
112,10102,15-Jul-09,1,4,35,3.8,20
113,10102,15-Jul-09,1,5,31,3.2,20
114,10102,15-Jul-09,1,6,31,2.6,20
115,10102,15-Jul-09,1,7,34,2.9,20
116,10102,15-Jul-09,1,8,35,3.2,20
117,10102,15-Jul-09,1,9,34,3.1,20
118,10102,15-Jul-09,1,10,35,3.5,20
119,10102,15-Jul-09,1,11,33,4.1,20
120,10102,15-Jul-09,1,12,35,3,20
121,10102,15-Jul-09,1,13,32,2.9,20
122,10102,15-Jul-09,1,14,37,7.5,20
123,10102,15-Jul-09,1,15,37,7.1,20
124,10102,15-Jul-09,1,16,35,2.7,20
125,10102,15-Jul-09,1,17,35,3.2,20
126,10102,15-Jul-09,1,18,32,2.7,20
127,10102,15-Jul-09,1,19,37,7.8,20
128,10102,15-Jul-09,1,20,35,3.4,20
270,10102,15-Jul-09,2,1,31,3.2,2
271,10102,15-Jul-09,2,2,35,3.7,2
342,10102,15-Jul-09,3,1,31,2.9,2
343,10102,15-Jul-09,3,2,34,3.5,2
444,10102,15-Jul-09,6,1,36,3.5,20
445,10102,15-Jul-09,6,2,35,3.4,20
446,10102,15-Jul-09,6,3,35,3.3,20
447,10102,15-Jul-09,6,4,32,2.9,20
448,10102,15-Jul-09,6,5,35,3.8,20
449,10102,15-Jul-09,6,6,31,2.6,20
450,10102,15-Jul-09,6,7,35,3.3,20
451,10102,15-Jul-09,6,8,30,2.4,20
452,10102,15-Jul-09,6,9,35,3.2,20
453,10102,15-Jul-09,6,10,31,3,20
454,10102,15-Jul-09,6,11,36,3.1,20
455,10102,15-Jul-09,6,12,35,3.9,20
456,10102,15-Jul-09,6,13,38,6.2,20
457,10102,15-Jul-09,6,14,35,3.8,20
458,10102,15-Jul-09,6,15,37,5.3,20
459,10102,15-Jul-09,6,16,34,3.3,20
460,10102,15-Jul-09,6,17,31,3.1,20
461,10102,15-Jul-09,6,18,37,6.8,20
462,10102,15-Jul-09,6,19,35,3.5,20
463,10102,15-Jul-09,6,20,31,2.9,20
504,10102,15-Jul-09,7,1,31,2.6,2
505,10102,15-Jul-09,7,2,35,3.1,2
554,10102,15-Jul-09,8,1,29,2.4,10
555,10102,15-Jul-09,8,2,29,2.3,10
556,10102,15-Jul-09,8,3,37,6.4,10
557,10102,15-Jul-09,8,4,37,6.1,10
558,10102,15-Jul-09,8,5,31,2.9,10
559,10102,15-Jul-09,8,6,34,3.4,10
560,10102,15-Jul-09,8,7,35,3,10
561,10102,15-Jul-09,8,8,34,2.8,10
562,10102,15-Jul-09,8,9,32,3.3,10
563,10102,15-Jul-09,8,10,32,3.1,10
585,10102,15-Jul-09,9,1,38,6.3,20
586,10102,15-Jul-09,9,2,35,3.2,20
587,10102,15-Jul-09,9,3,32,3.1,20
588,10102,15-Jul-09,9,4,36,3.9,20
589,10102,15-Jul-09,9,5,37,5.5,20
590,10102,15-Jul-09,9,6,34,2.8,20
591,10102,15-Jul-09,9,7,38,6.1,20
592,10102,15-Jul-09,9,8,36,2.7,20
593,10102,15-Jul-09,9,9,36,3.5,20
594,10102,15-Jul-09,9,10,35,3.7,20
595,10102,15-Jul-09,9,11,37,6.4,20
596,10102,15-Jul-09,9,12,32,2.6,20
597,10102,15-Jul-09,9,13,31,3.1,20
598,10102,15-Jul-09,9,14,36,3.9,20
599,10102,15-Jul-09,9,15,35,3.3,20
600,10102,15-Jul-09,9,16,35,3.3,20
601,10102,15-Jul-09,9,17,31,2.5,20
602,10102,15-Jul-09,9,18,30,2.9,20
603,10102,15-Jul-09,9,19,33,3.1,20
604,10102,15-Jul-09,9,20,32,2.7,20
645,10102,15-Jul-09,10,1,31,2.6,20
646,10102,15-Jul-09,10,2,35,3.2,20
647,10102,15-Jul-09,10,3,31,1.9,20
648,10102,15-Jul-09,10,4,34,3.5,20
649,10102,15-Jul-09,10,5,31,2.2,20
650,10102,15-Jul-09,10,6,31,3.5,20
651,10102,15-Jul-09,10,7,37,5.8,20
652,10102,15-Jul-09,10,8,35,3.4,20
653,10102,15-Jul-09,10,9,35,3.6,20
654,10102,15-Jul-09,10,10,35,3.2,20
655,10102,15-Jul-09,10,11,35,3.4,20
656,10102,15-Jul-09,10,12,35,3,20
657,10102,15-Jul-09,10,13,37,5.8,20
658,10102,15-Jul-09,10,14,31,3.4,20
659,10102,15-Jul-09,10,15,32,3.1,20
660,10102,15-Jul-09,10,16,36,3.5,20
661,10102,15-Jul-09,10,17,36,3.8,20
662,10102,15-Jul-09,10,18,30,2.8,20
663,10102,15-Jul-09,10,19,31,2.8,20
664,10102,15-Jul-09,10,20,36,3.2,20
734,10102,15-Jul-09,12,1,36,3.8,10
735,10102,15-Jul-09,12,2,31,1.5,10
736,10102,15-Jul-09,12,3,38,4.2,10
737,10102,15-Jul-09,12,4,36,4,10
738,10102,15-Jul-09,12,5,35,3.7,10
739,10102,15-Jul-09,12,6,29,2.1,10
740,10102,15-Jul-09,12,7,33,3.6,10
741,10102,15-Jul-09,12,8,33,4,10
742,10102,15-Jul-09,12,9,35,4.1,10
743,10102,15-Jul-09,12,10,35,3.9,10
754,10102,15-Jul-09,13,1,31,2.6,2
755,10102,15-Jul-09,13,2,36,2.7,2
793,10102,15-Jul-09,14,1,36,3.9,10
794,10102,15-Jul-09,14,2,35,2.8,10
795,10102,15-Jul-09,14,3,31,2.6,10
796,10102,15-Jul-09,14,4,35,3.3,10
797,10102,15-Jul-09,14,5,34,2.9,10
798,10102,15-Jul-09,14,6,35,3.1,10
799,10102,15-Jul-09,14,7,36,4.1,10
800,10102,15-Jul-09,14,8,32,2.8,10
801,10102,15-Jul-09,14,9,36,4,10
802,10102,15-Jul-09,14,10,37,4.6,10
858,10102,15-Jul-09,17,1,36,3.8,10
859,10102,15-Jul-09,17,2,32,3.3,10
860,10102,15-Jul-09,17,3,31,2.6,10
861,10102,15-Jul-09,17,4,31,3.1,10
862,10102,15-Jul-09,17,5,32,3.5,10
863,10102,15-Jul-09,17,6,31,2.5,10
864,10102,15-Jul-09,17,7,30,1.9,10
865,10102,15-Jul-09,17,8,31,3.4,10
866,10102,15-Jul-09,17,9,31,3.1,10
867,10102,15-Jul-09,17,10,36,3.6,10
129,10102,1-Aug-09,1,1,41,5.2,20
130,10102,1-Aug-09,1,2,34,1.9,20
131,10102,1-Aug-09,1,3,39,3.8,20
132,10102,1-Aug-09,1,4,35,2.8,20
133,10102,1-Aug-09,1,5,39,5.7,20
134,10102,1-Aug-09,1,6,41,5,20
135,10102,1-Aug-09,1,7,31,2,20
136,10102,1-Aug-09,1,8,41,6.2,20
137,10102,1-Aug-09,1,9,35,2.1,20
138,10102,1-Aug-09,1,10,35,2.6,20
139,10102,1-Aug-09,1,11,32,2.1,20
140,10102,1-Aug-09,1,12,34,2.5,20
141,10102,1-Aug-09,1,13,35,2.3,20
142,10102,1-Aug-09,1,14,34,2.2,20
143,10102,1-Aug-09,1,15,35,2.3,20
144,10102,1-Aug-09,1,16,36,2.4,20
145,10102,1-Aug-09,1,17,35,2.3,20
146,10102,1-Aug-09,1,18,35,2,20
147,10102,1-Aug-09,1,19,33,2.1,20
148,10102,1-Aug-09,1,20,34,2,20
149,10102,23-Aug-09,1,1,33,1.9,20
150,10102,23-Aug-09,1,2,37,3.8,20
151,10102,23-Aug-09,1,3,38,2.6,20
152,10102,23-Aug-09,1,4,36,2.8,20
153,10102,23-Aug-09,1,5,37,3.2,20
154,10102,23-Aug-09,1,6,36,2.9,20
155,10102,23-Aug-09,1,7,36,2.2,20
156,10102,23-Aug-09,1,8,37,2.5,20
157,10102,23-Aug-09,1,9,37,2.6,20
158,10102,23-Aug-09,1,10,36,2.6,20
159,10102,23-Aug-09,1,11,36,2.1,20
160,10102,23-Aug-09,1,12,37,2.7,20
161,10102,23-Aug-09,1,13,34,1.9,20
162,10102,23-Aug-09,1,14,36,2.1,20
163,10102,23-Aug-09,1,15,33,2,20
164,10102,23-Aug-09,1,16,33,2.5,20
165,10102,23-Aug-09,1,17,37,2.5,20
166,10102,23-Aug-09,1,18,37,2.4,20
167,10102,23-Aug-09,1,19,37,2.3,20
168,10102,23-Aug-09,1,20,36,2.2,20
272,10102,23-Aug-09,2,1,35,3,2
273,10102,23-Aug-09,2,2,34,2.5,2
344,10102,23-Aug-09,3,1,36,3.2,2
345,10102,23-Aug-09,3,2,32,2.9,2
464,10102,23-Aug-09,6,1,32,2,20
465,10102,23-Aug-09,6,2,37,3.5,20
466,10102,23-Aug-09,6,3,36,2.6,20
467,10102,23-Aug-09,6,4,36,2.5,20
468,10102,23-Aug-09,6,5,32,2.1,20
469,10102,23-Aug-09,6,6,35,2,20
470,10102,23-Aug-09,6,7,36,2.1,20
471,10102,23-Aug-09,6,8,31,1.6,20
472,10102,23-Aug-09,6,9,35,2.5,20
473,10102,23-Aug-09,6,10,32,2.1,20
474,10102,23-Aug-09,6,11,36,2.7,20
475,10102,23-Aug-09,6,12,35,2.7,20
476,10102,23-Aug-09,6,13,35,2.8,20
477,10102,23-Aug-09,6,14,35,2.5,20
478,10102,23-Aug-09,6,15,34,2.5,20
479,10102,23-Aug-09,6,16,36,3.1,20
480,10102,23-Aug-09,6,17,35,2.2,20
481,10102,23-Aug-09,6,18,31,1.8,20
482,10102,23-Aug-09,6,19,32,1.8,20
483,10102,23-Aug-09,6,20,35,2.2,20
506,10102,23-Aug-09,7,1,34,3.7,2
507,10102,23-Aug-09,7,2,31,3.2,2
564,10102,23-Aug-09,8,1,34,2.7,10
565,10102,23-Aug-09,8,2,35,2.9,10
566,10102,23-Aug-09,8,3,34,1.9,10
567,10102,23-Aug-09,8,4,32,1.7,10
568,10102,23-Aug-09,8,5,31,1.5,10
569,10102,23-Aug-09,8,6,33,2.3,10
570,10102,23-Aug-09,8,7,34,2.3,10
571,10102,23-Aug-09,8,8,34,2.4,10
572,10102,23-Aug-09,8,9,35,2.5,10
573,10102,23-Aug-09,8,10,34,2.2,10
574,10102,23-Aug-09,8,11,27,0.3,10
605,10102,23-Aug-09,9,1,36,2.8,20
606,10102,23-Aug-09,9,2,37,3.9,20
607,10102,23-Aug-09,9,3,36,2.8,20
608,10102,23-Aug-09,9,4,37,3.2,20
609,10102,23-Aug-09,9,5,32,2.1,20
610,10102,23-Aug-09,9,6,37,2.9,20
611,10102,23-Aug-09,9,7,38,4.5,20
612,10102,23-Aug-09,9,8,36,2.4,20
613,10102,23-Aug-09,9,9,33,2.8,20
614,10102,23-Aug-09,9,10,32,2.8,20
615,10102,23-Aug-09,9,11,36,2.5,20
616,10102,23-Aug-09,9,12,36,2.9,20
617,10102,23-Aug-09,9,13,32,1.9,20
618,10102,23-Aug-09,9,14,35,2.9,20
619,10102,23-Aug-09,9,15,32,2.3,20
620,10102,23-Aug-09,9,16,34,2.3,20
621,10102,23-Aug-09,9,17,34,2,20
622,10102,23-Aug-09,9,18,34,2.2,20
623,10102,23-Aug-09,9,19,36,2.4,20
624,10102,23-Aug-09,9,20,34,2.6,20
980,10102,23-Aug-09,10,1,31,2.1,20
981,10102,23-Aug-09,10,2,36,3.2,20
982,10102,23-Aug-09,10,3,35,2.9,20
983,10102,23-Aug-09,10,4,38,3.7,20
984,10102,23-Aug-09,10,5,33,2.1,20
985,10102,23-Aug-09,10,6,36,2.8,20
986,10102,23-Aug-09,10,7,35,2.3,20
987,10102,23-Aug-09,10,8,36,2.7,20
988,10102,23-Aug-09,10,9,36,3,20
989,10102,23-Aug-09,10,10,31,2.3,20
990,10102,23-Aug-09,10,11,31,2.4,20
991,10102,23-Aug-09,10,12,31,2.4,20
992,10102,23-Aug-09,10,13,31,1.7,20
993,10102,23-Aug-09,10,14,31,1.9,20
994,10102,23-Aug-09,10,15,34,2.6,20
995,10102,23-Aug-09,10,16,34,2.4,20
996,10102,23-Aug-09,10,17,35,2.3,20
997,10102,23-Aug-09,10,18,31,1.6,20
998,10102,23-Aug-09,10,19,36,2.6,20
999,10102,23-Aug-09,10,20,35,2.5,20
1000,10102,23-Aug-09,12,1,34,1.9,10
1001,10102,23-Aug-09,12,2,33,2.7,10
1002,10102,23-Aug-09,12,3,35,2.9,10
1003,10102,23-Aug-09,12,4,35,2.3,10
1004,10102,23-Aug-09,12,5,36,2.7,10
1005,10102,23-Aug-09,12,6,35,2.6,10
1006,10102,23-Aug-09,12,7,31,1.5,10
1007,10102,23-Aug-09,12,8,36,2.8,10
1008,10102,23-Aug-09,12,9,35,2.4,10
1009,10102,23-Aug-09,12,10,31,2.3,10
756,10102,23-Aug-09,13,1,36,3,2
757,10102,23-Aug-09,13,2,32,2.3,2
803,10102,23-Aug-09,14,1,37,3.6,10
804,10102,23-Aug-09,14,2,37,3.6,10
805,10102,23-Aug-09,14,3,32,2.5,10
806,10102,23-Aug-09,14,4,35,2.2,10
807,10102,23-Aug-09,14,5,33,2.5,10
808,10102,23-Aug-09,14,6,36,2.2,10
809,10102,23-Aug-09,14,7,35,2.8,10
810,10102,23-Aug-09,14,8,35,2,10
811,10102,23-Aug-09,14,9,35,2.9,10
812,10102,23-Aug-09,14,10,32,2,10
868,10102,23-Aug-09,17,1,36,3,10
869,10102,23-Aug-09,17,2,32,2.8,10
870,10102,23-Aug-09,17,3,33,2.5,10
871,10102,23-Aug-09,17,4,34,2.7,10
872,10102,23-Aug-09,17,5,36,3.3,10
873,10102,23-Aug-09,17,6,33,2.3,10
874,10102,23-Aug-09,17,7,31,1.8,10
875,10102,23-Aug-09,17,8,33,2.3,10
876,10102,23-Aug-09,17,9,31,1.8,10
877,10102,23-Aug-09,17,10,34,2.9,10
169,10102,14-Sep-09,1,1,35,3.1,20
170,10102,14-Sep-09,1,2,35,3.1,20
171,10102,14-Sep-09,1,3,35,2.7,20
172,10102,14-Sep-09,1,4,35,3.3,20
173,10102,14-Sep-09,1,5,34,2.1,20
174,10102,14-Sep-09,1,6,34,3,20
175,10102,14-Sep-09,1,7,34,3,20
176,10102,14-Sep-09,1,8,35,3.4,20
177,10102,14-Sep-09,1,9,33,2.3,20
178,10102,14-Sep-09,1,10,35,2.5,20
179,10102,14-Sep-09,1,11,34,2,20
180,10102,14-Sep-09,1,12,35,2.9,20
181,10102,14-Sep-09,1,13,37,2.7,20
182,10102,14-Sep-09,1,14,36,2.9,20
183,10102,14-Sep-09,1,15,34,2.3,20
184,10102,14-Sep-09,1,16,36,2.5,20
185,10102,14-Sep-09,1,17,35,2.6,20
187,10102,14-Sep-09,1,19,31,2.2,20
188,10102,14-Sep-09,1,20,34,2.7,20
274,10102,14-Sep-09,2,1,36,3.5,2
275,10102,14-Sep-09,2,2,34,2.8,2
346,10102,14-Sep-09,3,1,33,2.8,2
347,10102,14-Sep-09,3,2,36,3.2,2
484,10102,14-Sep-09,6,1,35,2.6,20
485,10102,14-Sep-09,6,2,36,3.3,20
486,10102,14-Sep-09,6,3,36,3,20
487,10102,14-Sep-09,6,4,36,3.5,20
488,10102,14-Sep-09,6,5,35,2.7,20
489,10102,14-Sep-09,6,6,36,2.8,20
490,10102,14-Sep-09,6,7,35,2.5,20
491,10102,14-Sep-09,6,8,34,2.4,20
492,10102,14-Sep-09,6,9,35,2.8,20
493,10102,14-Sep-09,6,10,35,2.9,20
494,10102,14-Sep-09,6,11,32,2.2,20
495,10102,14-Sep-09,6,12,35,2.4,20
496,10102,14-Sep-09,6,13,31,2.2,20
497,10102,14-Sep-09,6,14,36,2.6,20
498,10102,14-Sep-09,6,15,33,2.1,20
499,10102,14-Sep-09,6,16,30,1.9,20
500,10102,14-Sep-09,6,17,36,2.3,20
501,10102,14-Sep-09,6,18,33,2.1,20
502,10102,14-Sep-09,6,19,31,2.2,20
503,10102,14-Sep-09,6,20,30,1.8,20
508,10102,14-Sep-09,7,1,35,3.1,2
509,10102,14-Sep-09,7,2,32,2.8,2
575,10102,14-Sep-09,8,1,34,3,10
576,10102,14-Sep-09,8,2,35,2.6,10
577,10102,14-Sep-09,8,3,33,2.7,10
578,10102,14-Sep-09,8,4,34,2.8,10
579,10102,14-Sep-09,8,5,31,2,10
580,10102,14-Sep-09,8,6,35,2.5,10
581,10102,14-Sep-09,8,7,36,2.8,10
582,10102,14-Sep-09,8,8,33,2.2,10
583,10102,14-Sep-09,8,9,30,1.5,10
584,10102,14-Sep-09,8,10,27,0.6,10
625,10102,14-Sep-09,9,1,36,3,20
626,10102,14-Sep-09,9,2,35,2.7,20
627,10102,14-Sep-09,9,3,36,3.5,20
628,10102,14-Sep-09,9,4,32,2.7,20
629,10102,14-Sep-09,9,5,36,4.4,20
630,10102,14-Sep-09,9,6,35,3.1,20
631,10102,14-Sep-09,9,7,36,3.2,20
632,10102,14-Sep-09,9,8,31,2.6,20
633,10102,14-Sep-09,9,9,35,3.1,20
634,10102,14-Sep-09,9,10,33,2.6,20
635,10102,14-Sep-09,9,11,37,4.9,20
636,10102,14-Sep-09,9,12,35,2.8,20
637,10102,14-Sep-09,9,13,35,3,20
638,10102,14-Sep-09,9,14,33,2.5,20
639,10102,14-Sep-09,9,15,31,2.4,20
640,10102,14-Sep-09,9,16,35,3.1,20
641,10102,14-Sep-09,9,17,36,3.3,20
642,10102,14-Sep-09,9,18,34,2.2,20
643,10102,14-Sep-09,9,19,34,2.7,20
644,10102,14-Sep-09,9,20,33,2.3,20
665,10102,14-Sep-09,10,1,34,1.6,20
666,10102,14-Sep-09,10,2,35,3.1,20
667,10102,14-Sep-09,10,3,31,2.1,20
668,10102,14-Sep-09,10,4,38,4.2,20
669,10102,14-Sep-09,10,5,33,2.5,20
670,10102,14-Sep-09,10,6,36,3,20
671,10102,14-Sep-09,10,7,31,2.8,20
672,10102,14-Sep-09,10,8,36,3.3,20
673,10102,14-Sep-09,10,9,31,2.3,20
674,10102,14-Sep-09,10,10,35,2.8,20
675,10102,14-Sep-09,10,11,34,3,20
676,10102,14-Sep-09,10,12,35,3.4,20
677,10102,14-Sep-09,10,13,31,2.2,20
678,10102,14-Sep-09,10,14,35,2.8,20
679,10102,14-Sep-09,10,15,36,2.9,20
680,10102,14-Sep-09,10,16,35,2.5,20
681,10102,14-Sep-09,10,17,36,2.6,20
682,10102,14-Sep-09,10,18,31,2.1,20
683,10102,14-Sep-09,10,19,32,2,20
684,10102,14-Sep-09,10,20,35,2.5,20
744,10102,14-Sep-09,12,1,36,3,10
745,10102,14-Sep-09,12,2,36,2.8,10
746,10102,14-Sep-09,12,3,35,2.8,10
747,10102,14-Sep-09,12,4,36,3.1,10
748,10102,14-Sep-09,12,5,32,2.7,10
749,10102,14-Sep-09,12,6,37,2.9,10
750,10102,14-Sep-09,12,7,37,2.9,10
751,10102,14-Sep-09,12,8,33,2.2,10
752,10102,14-Sep-09,12,9,29,1.8,10
753,10102,14-Sep-09,12,10,31,2.1,10
758,10102,14-Sep-09,13,1,35,3.8,2
759,10102,14-Sep-09,13,2,31,2.6,2
813,10102,14-Sep-09,14,1,31,2.4,10
814,10102,14-Sep-09,14,2,36,3.8,10
815,10102,14-Sep-09,14,3,35,2.4,10
816,10102,14-Sep-09,14,4,33,2.4,10
817,10102,14-Sep-09,14,5,37,4,10
818,10102,14-Sep-09,14,6,35,2.7,10
819,10102,14-Sep-09,14,7,35,2.2,10
820,10102,14-Sep-09,14,8,35,3.2,10
821,10102,14-Sep-09,14,9,34,2.8,10
822,10102,14-Sep-09,14,10,35,3,10
878,10102,14-Sep-09,17,1,33,3,10
879,10102,14-Sep-09,17,2,36,3.5,10
880,10102,14-Sep-09,17,3,31,2.6,10
881,10102,14-Sep-09,17,4,36,3.6,10
882,10102,14-Sep-09,17,5,32,2.5,10
883,10102,14-Sep-09,17,6,33,3,10
884,10102,14-Sep-09,17,7,32,2.8,10
885,10102,14-Sep-09,17,8,32,3.1,10
886,10102,14-Sep-09,17,9,31,2.1,10
887,10102,14-Sep-09,17,10,31,2.4,10
189,10475,21-Jul-09,1,1,37,7.9,20
190,10475,21-Jul-09,1,2,27,0.3,20
191,10475,21-Jul-09,1,3,36,5.4,20
192,10475,21-Jul-09,1,4,36,5.1,20
193,10475,21-Jul-09,1,5,29,1.5,20
194,10475,21-Jul-09,1,6,35,4,20
195,10475,21-Jul-09,1,7,36,2.7,20
196,10475,21-Jul-09,1,8,30,1.5,20
197,10475,21-Jul-09,1,9,29,1.2,20
198,10475,21-Jul-09,1,10,29,2.8,20
199,10475,21-Jul-09,1,11,36,4.5,20
200,10475,21-Jul-09,1,12,28,1.2,20
201,10475,21-Jul-09,1,13,28,1.4,20
202,10475,21-Jul-09,1,14,27,1.3,20
203,10475,21-Jul-09,1,15,37,6.1,20
204,10475,21-Jul-09,1,16,28,1.2,20
205,10475,21-Jul-09,1,17,35,5.3,20
206,10475,21-Jul-09,1,18,28,1.2,20
207,10475,21-Jul-09,1,19,27,1.1,20
208,10475,21-Jul-09,1,20,37,5,20
276,10475,21-Jul-09,2,1,36,6.4,20
277,10475,21-Jul-09,2,2,30,1.5,20
278,10475,21-Jul-09,2,3,29,1.7,20
279,10475,21-Jul-09,2,4,29,1.7,20
280,10475,21-Jul-09,2,5,37,5.3,20
281,10475,21-Jul-09,2,6,29,1.8,20
282,10475,21-Jul-09,2,7,37,7.5,20
283,10475,21-Jul-09,2,8,37,5.8,20
284,10475,21-Jul-09,2,9,28,1.4,20
285,10475,21-Jul-09,2,10,27,1.2,20
286,10475,21-Jul-09,2,11,35,3.3,20
287,10475,21-Jul-09,2,12,29,1.5,20
288,10475,21-Jul-09,2,13,37,5.5,20
289,10475,21-Jul-09,2,14,28,1.2,20
290,10475,21-Jul-09,2,15,36,4.3,20
291,10475,21-Jul-09,2,16,29,1.7,20
292,10475,21-Jul-09,2,17,29,1,20
293,10475,21-Jul-09,2,18,35,5.1,20
294,10475,21-Jul-09,2,19,38,6.5,20
295,10475,21-Jul-09,2,20,29,0.8,20
348,10475,21-Jul-09,3,1,36,3,2
349,10475,21-Jul-09,3,2,29,1.5,2
355,10475,21-Jul-09,4,1,28,1.7,2
356,10475,21-Jul-09,4,2,37,4.6,2
362,10475,21-Jul-09,5,1,28,1.1,20
363,10475,21-Jul-09,5,2,37,5.6,20
364,10475,21-Jul-09,5,3,37,6.5,20
365,10475,21-Jul-09,5,4,29,1,20
366,10475,21-Jul-09,5,5,37,6.8,20
367,10475,21-Jul-09,5,6,28,1,20
368,10475,21-Jul-09,5,7,37,5.1,20
369,10475,21-Jul-09,5,8,36,4.5,20
370,10475,21-Jul-09,5,9,29,1.4,20
371,10475,21-Jul-09,5,10,37,4.8,20
372,10475,21-Jul-09,5,11,29,1.2,20
373,10475,21-Jul-09,5,12,37,4.8,20
374,10475,21-Jul-09,5,13,36,4.5,20
375,10475,21-Jul-09,5,14,27,1.1,20
376,10475,21-Jul-09,5,15,28,1,20
377,10475,21-Jul-09,5,16,37,4.3,20
378,10475,21-Jul-09,5,17,28,1.2,20
379,10475,21-Jul-09,5,18,29,1.4,20
380,10475,21-Jul-09,5,19,37,9.3,20
381,10475,21-Jul-09,5,20,29,1.1,20
510,10475,21-Jul-09,7,1,37,5.3,10
511,10475,21-Jul-09,7,2,37,5,10
512,10475,21-Jul-09,7,3,28,1.1,10
513,10475,21-Jul-09,7,4,28,1.2,10
514,10475,21-Jul-09,7,5,37,5.8,10
515,10475,21-Jul-09,7,6,30,1.4,10
516,10475,21-Jul-09,7,7,29,1.1,10
517,10475,21-Jul-09,7,8,37,4,10
518,10475,21-Jul-09,7,9,29,1.3,10
519,10475,21-Jul-09,7,10,36,4.2,10
685,10475,21-Jul-09,10,1,36,4.7,2
686,10475,21-Jul-09,10,2,28,1.4,2
691,10475,21-Jul-09,11,1,36,5.9,10
692,10475,21-Jul-09,11,2,37,4.6,10
693,10475,21-Jul-09,11,3,29,1.3,10
694,10475,21-Jul-09,11,4,28,1.5,10
695,10475,21-Jul-09,11,5,29,1.6,10
696,10475,21-Jul-09,11,6,35,4.3,10
697,10475,21-Jul-09,11,7,37,5.1,10
698,10475,21-Jul-09,11,8,36,4.5,10
699,10475,21-Jul-09,11,9,30,1.7,10
700,10475,21-Jul-09,11,10,36,4.7,10
760,10475,21-Jul-09,13,1,37,5,10
761,10475,21-Jul-09,13,2,37,4.7,10
762,10475,21-Jul-09,13,3,29,1,10
763,10475,21-Jul-09,13,4,37,5.4,10
764,10475,21-Jul-09,13,5,37,5,10
765,10475,21-Jul-09,13,6,29,1.9,10
766,10475,21-Jul-09,13,7,29,1.4,10
767,10475,21-Jul-09,13,8,29,1.2,10
768,10475,21-Jul-09,13,9,30,1.2,10
769,10475,21-Jul-09,13,10,37,3.6,10
823,10475,21-Jul-09,15,1,30,2.7,2
824,10475,21-Jul-09,15,2,37,4,2
827,10475,21-Jul-09,16,1,37,5.8,10
828,10475,21-Jul-09,16,2,36,4.2,10
829,10475,21-Jul-09,16,3,30,1,10
830,10475,21-Jul-09,16,4,28,0.8,10
831,10475,21-Jul-09,16,5,30,1.3,10
832,10475,21-Jul-09,16,6,36,4.9,10
833,10475,21-Jul-09,16,7,29,1.5,10
834,10475,21-Jul-09,16,8,29,1.3,10
835,10475,21-Jul-09,16,9,36,4.4,10
836,10475,21-Jul-09,16,10,30,0.4,10
888,10475,21-Jul-09,17,1,28,1.2,20
889,10475,21-Jul-09,17,2,29,2.4,20
890,10475,21-Jul-09,17,3,37,7.2,20
891,10475,21-Jul-09,17,4,28,1.1,20
892,10475,21-Jul-09,17,5,37,5.8,20
893,10475,21-Jul-09,17,6,37,5.2,20
894,10475,21-Jul-09,17,7,29,1.8,20
895,10475,21-Jul-09,17,8,28,1.6,20
896,10475,21-Jul-09,17,9,29,1.5,20
897,10475,21-Jul-09,17,10,38,6.4,20
898,10475,21-Jul-09,17,11,29,1.2,20
899,10475,21-Jul-09,17,12,37,5.4,20
900,10475,21-Jul-09,17,13,29,1.2,20
901,10475,21-Jul-09,17,14,36,4.6,20
902,10475,21-Jul-09,17,15,37,3.4,20
903,10475,21-Jul-09,17,16,28,1,20
904,10475,21-Jul-09,17,17,36,4.1,20
905,10475,21-Jul-09,17,18,29,1.8,20
906,10475,21-Jul-09,17,19,36,4.8,20
907,10475,21-Jul-09,17,20,29,1.8,20
209,10475,12-Aug-09,1,1,36,2.4,20
210,10475,12-Aug-09,1,2,38,4.7,20
211,10475,12-Aug-09,1,3,37,4.6,20
212,10475,12-Aug-09,1,4,41,3.1,20
213,10475,12-Aug-09,1,5,28,0.8,20
214,10475,12-Aug-09,1,6,37,4.3,20
215,10475,12-Aug-09,1,7,29,1.7,20
216,10475,12-Aug-09,1,8,27,0.4,20
217,10475,12-Aug-09,1,9,37,3.6,20
218,10475,12-Aug-09,1,10,28,0.5,20
219,10475,12-Aug-09,1,11,28,0.8,20
220,10475,12-Aug-09,1,12,37,5.2,20
221,10475,12-Aug-09,1,13,31,1,20
222,10475,12-Aug-09,1,14,28,0.6,20
223,10475,12-Aug-09,1,15,30,0.8,20
224,10475,12-Aug-09,1,16,31,1.4,20
225,10475,12-Aug-09,1,17,29,1.2,20
226,10475,12-Aug-09,1,18,37,4.3,20
227,10475,12-Aug-09,1,19,37,3.7,20
296,10475,12-Aug-09,2,1,38,4.2,20
297,10475,12-Aug-09,2,2,39,5.7,20
298,10475,12-Aug-09,2,3,37,4,20
299,10475,12-Aug-09,2,4,37,2.7,20
300,10475,12-Aug-09,2,5,40,4.1,20
301,10475,12-Aug-09,2,6,40,4.8,20
302,10475,12-Aug-09,2,7,40,5.8,20
303,10475,12-Aug-09,2,8,41,3.7,20
304,10475,12-Aug-09,2,9,30,1.1,20
305,10475,12-Aug-09,2,10,30,1.2,20
306,10475,12-Aug-09,2,11,31,1.5,20
307,10475,12-Aug-09,2,12,31,1.2,20
308,10475,12-Aug-09,2,13,40,4.1,20
309,10475,12-Aug-09,2,14,29,1.2,20
310,10475,12-Aug-09,2,15,29,0.9,20
311,10475,12-Aug-09,2,16,29,1.2,20
312,10475,12-Aug-09,2,17,30,1.3,20
313,10475,12-Aug-09,2,18,29,0.7,20
314,10475,12-Aug-09,2,19,29,0.9,20
315,10475,12-Aug-09,2,20,29,0.9,20
350,10475,12-Aug-09,3,1,39,4.1,2
351,10475,12-Aug-09,3,2,32,1.9,2
357,10475,12-Aug-09,4,1,37,4.4,2
358,10475,12-Aug-09,4,2,33,1.8,2
382,10475,12-Aug-09,5,1,41,3.9,20
383,10475,12-Aug-09,5,2,41,4.8,20
384,10475,12-Aug-09,5,3,38,5.1,20
385,10475,12-Aug-09,5,4,38,4.4,20
386,10475,12-Aug-09,5,5,38,8.6,20
387,10475,12-Aug-09,5,6,31,1.2,20
388,10475,12-Aug-09,5,7,28,0.9,20
389,10475,12-Aug-09,5,8,30,0.9,20
390,10475,12-Aug-09,5,9,29,1.2,20
391,10475,12-Aug-09,5,10,31,0.9,20
392,10475,12-Aug-09,5,11,29,1,20
393,10475,12-Aug-09,5,12,29,0.7,20
394,10475,12-Aug-09,5,13,28,0.9,20
395,10475,12-Aug-09,5,14,28,0.8,20
403,10475,12-Aug-09,5,15,32,1.6,20
396,10475,12-Aug-09,5,16,37,3.6,20
397,10475,12-Aug-09,5,17,29,1.5,20
398,10475,12-Aug-09,5,18,37,3.4,20
399,10475,12-Aug-09,5,19,37,3.8,20
400,10475,12-Aug-09,5,20,39,5.5,20
520,10475,12-Aug-09,7,1,41,3.9,10
521,10475,12-Aug-09,7,2,41,3.9,10
522,10475,12-Aug-09,7,3,40,3.7,10
523,10475,12-Aug-09,7,4,40,4.2,10
524,10475,12-Aug-09,7,5,38,3.6,10
525,10475,12-Aug-09,7,6,28,0.9,10
526,10475,12-Aug-09,7,7,31,1.3,10
527,10475,12-Aug-09,7,8,31,1,10
528,10475,12-Aug-09,7,9,31,1.3,10
529,10475,12-Aug-09,7,10,30,1,10
687,10475,12-Aug-09,10,1,31,1.6,2
701,10475,12-Aug-09,11,1,37,3.6,10
702,10475,12-Aug-09,11,2,38,4.8,10
703,10475,12-Aug-09,11,3,38,4.2,10
704,10475,12-Aug-09,11,4,38,4.5,10
705,10475,12-Aug-09,11,5,41,3.9,10
706,10475,12-Aug-09,11,6,39,3.8,10
713,10475,12-Aug-09,11,7,38,4.4,10
707,10475,12-Aug-09,11,8,30,1.3,10
708,10475,12-Aug-09,11,9,30,1.1,10
709,10475,12-Aug-09,11,10,29,1.3,10
710,10475,12-Aug-09,11,11,29,1.2,10
770,10475,12-Aug-09,13,1,41,3.7,10
771,10475,12-Aug-09,13,2,40,4.4,10
772,10475,12-Aug-09,13,3,39,4.1,10
773,10475,12-Aug-09,13,4,38,3.4,10
774,10475,12-Aug-09,13,5,37,3.2,10
775,10475,12-Aug-09,13,6,30,1.2,10
776,10475,12-Aug-09,13,7,29,1.3,10
777,10475,12-Aug-09,13,8,30,1.3,10
778,10475,12-Aug-09,13,9,30,1.3,10
779,10475,12-Aug-09,13,10,28,0.9,10
837,10475,12-Aug-09,16,1,38,5.2,10
838,10475,12-Aug-09,16,2,30,1.4,10
839,10475,12-Aug-09,16,3,37,3.7,10
840,10475,12-Aug-09,16,4,31,2.1,10
841,10475,12-Aug-09,16,5,31,1.1,10
842,10475,12-Aug-09,16,6,30,1.7,10
843,10475,12-Aug-09,16,7,31,1.2,10
844,10475,12-Aug-09,16,8,37,4.7,10
845,10475,12-Aug-09,16,9,28,1.1,10
909,10475,12-Aug-09,17,2,41,3.1,20
910,10475,12-Aug-09,17,3,41,4.6,20
911,10475,12-Aug-09,17,4,41,4.3,20
912,10475,12-Aug-09,17,5,37,3.4,20
913,10475,12-Aug-09,17,6,39,5.3,20
914,10475,12-Aug-09,17,7,38,4,20
916,10475,12-Aug-09,17,9,37,4.3,20
917,10475,12-Aug-09,17,10,37,4,20
918,10475,12-Aug-09,17,11,32,1.1,20
919,10475,12-Aug-09,17,12,31,1.1,20
920,10475,12-Aug-09,17,13,29,1,20
921,10475,12-Aug-09,17,14,30,1,20
922,10475,12-Aug-09,17,15,29,0.9,20
923,10475,12-Aug-09,17,16,29,0.8,20
924,10475,12-Aug-09,17,17,30,1,20
925,10475,12-Aug-09,17,18,29,1.2,20
926,10475,12-Aug-09,17,19,27,1.1,20
927,10475,12-Aug-09,17,20,28,0.7,20
230,10475,31-Aug-09,1,1,37,4.6,20
231,10475,31-Aug-09,1,2,38,3.7,20
232,10475,31-Aug-09,1,3,40,4.7,20
233,10475,31-Aug-09,1,4,37,4.1,20
234,10475,31-Aug-09,1,5,36,4.5,20
235,10475,31-Aug-09,1,6,37,4.1,20
236,10475,31-Aug-09,1,7,36,3.3,20
237,10475,31-Aug-09,1,8,33,1,20
238,10475,31-Aug-09,1,9,35,1.7,20
239,10475,31-Aug-09,1,10,27,0.3,20
240,10475,31-Aug-09,1,11,32,1.2,20
241,10475,31-Aug-09,1,12,31,1,20
242,10475,31-Aug-09,1,13,30,1,20
243,10475,31-Aug-09,1,14,28,0.6,20
244,10475,31-Aug-09,1,15,30,1,20
245,10475,31-Aug-09,1,16,29,0.9,20
246,10475,31-Aug-09,1,17,29,1,20
247,10475,31-Aug-09,1,18,28,0.6,20
248,10475,31-Aug-09,1,19,27,0.8,20
404,10475,31-Aug-09,5,1,39,5.6,20
405,10475,31-Aug-09,5,2,38,4.1,20
406,10475,31-Aug-09,5,3,37,3.9,20
407,10475,31-Aug-09,5,4,38,8.1,20
408,10475,31-Aug-09,5,5,38,6,20
409,10475,31-Aug-09,5,6,39,4.9,20
410,10475,31-Aug-09,5,7,36,3.7,20
411,10475,31-Aug-09,5,8,28,0.9,20
412,10475,31-Aug-09,5,9,31,1.1,20
413,10475,31-Aug-09,5,10,31,1.7,20
414,10475,31-Aug-09,5,11,29,1.3,20
415,10475,31-Aug-09,5,12,33,1.2,20
416,10475,31-Aug-09,5,13,28,1.1,20
417,10475,31-Aug-09,5,14,29,0.9,20
418,10475,31-Aug-09,5,15,28,0.8,20
419,10475,31-Aug-09,5,16,29,1.3,20
420,10475,31-Aug-09,5,17,28,1,20
534,10475,31-Aug-09,7,1,37,3.8,10
535,10475,31-Aug-09,7,2,29,0.9,10
536,10475,31-Aug-09,7,3,31,1.3,10
537,10475,31-Aug-09,7,4,31,1.7,10
538,10475,31-Aug-09,7,5,31,1.8,10
539,10475,31-Aug-09,7,6,31,1.6,10
540,10475,31-Aug-09,7,7,31,1.2,10
541,10475,31-Aug-09,7,8,30,1.1,10
542,10475,31-Aug-09,7,9,31,1.3,10
543,10475,31-Aug-09,7,10,31,1,10
714,10475,31-Aug-09,11,1,37,4.2,10
715,10475,31-Aug-09,11,2,37,4.1,10
716,10475,31-Aug-09,11,3,36,4.2,10
717,10475,31-Aug-09,11,4,37,4.4,10
718,10475,31-Aug-09,11,5,31,1.2,10
719,10475,31-Aug-09,11,6,30,1.1,10
720,10475,31-Aug-09,11,7,31,1.2,10
721,10475,31-Aug-09,11,8,29,1.2,10
722,10475,31-Aug-09,11,9,29,1.1,10
723,10475,31-Aug-09,11,10,28,1.1,10
934,10475,31-Aug-09,17,1,32,1.4,20
935,10475,31-Aug-09,17,2,37,4.2,20
936,10475,31-Aug-09,17,3,37,4.2,20
937,10475,31-Aug-09,17,4,39,3.7,20
938,10475,31-Aug-09,17,5,37,3.3,20
940,10475,31-Aug-09,17,7,28,0.9,20
941,10475,31-Aug-09,17,8,31,1.2,20
942,10475,31-Aug-09,17,9,31,1.4,20
943,10475,31-Aug-09,17,10,29,1.1,20
944,10475,31-Aug-09,17,11,30,0.9,20
945,10475,31-Aug-09,17,12,29,0.4,20
946,10475,31-Aug-09,17,13,28,0.9,20
947,10475,31-Aug-09,17,14,31,1.4,20
948,10475,31-Aug-09,17,15,28,1,20
949,10475,31-Aug-09,17,16,29,1,20
950,10475,31-Aug-09,17,17,31,1.2,20
951,10475,31-Aug-09,17,18,31,1.1,20
952,10475,31-Aug-09,17,19,30,1,20
250,10475,21-Sep-09,1,1,40,4.5,20
251,10475,21-Sep-09,1,2,39,4.3,20
252,10475,21-Sep-09,1,3,38,3.3,20
253,10475,21-Sep-09,1,4,38,3.9,20
254,10475,21-Sep-09,1,5,38,3.6,20
255,10475,21-Sep-09,1,6,33,1.6,20
256,10475,21-Sep-09,1,7,31,1.2,20
257,10475,21-Sep-09,1,8,33,1.8,20
258,10475,21-Sep-09,1,9,28,0.4,20
259,10475,21-Sep-09,1,10,36,1.3,20
260,10475,21-Sep-09,1,11,28,0.9,20
261,10475,21-Sep-09,1,12,28,0.7,20
262,10475,21-Sep-09,1,13,30,0.9,20
263,10475,21-Sep-09,1,14,28,0.8,20
264,10475,21-Sep-09,1,15,29,0.9,20
265,10475,21-Sep-09,1,16,28,0.6,20
266,10475,21-Sep-09,1,17,28,0.6,20
322,10475,21-Sep-09,2,1,37,4,20
323,10475,21-Sep-09,2,2,36,2.6,20
324,10475,21-Sep-09,2,3,37,3.5,20
325,10475,21-Sep-09,2,4,31,0.8,20
326,10475,21-Sep-09,2,5,29,1.2,20
327,10475,21-Sep-09,2,6,30,1,20
328,10475,21-Sep-09,2,7,30,1.2,20
329,10475,21-Sep-09,2,8,30,0.9,20
330,10475,21-Sep-09,2,9,31,1.4,20
331,10475,21-Sep-09,2,10,30,1.1,20
332,10475,21-Sep-09,2,11,31,1.1,20
333,10475,21-Sep-09,2,12,30,1.3,20
334,10475,21-Sep-09,2,13,34,1.2,20
335,10475,21-Sep-09,2,14,29,1,20
336,10475,21-Sep-09,2,15,30,1.1,20
337,10475,21-Sep-09,2,16,29,0.9,20
338,10475,21-Sep-09,2,17,31,1.2,20
339,10475,21-Sep-09,2,18,29,0.7,20
340,10475,21-Sep-09,2,19,31,1.3,20
341,10475,21-Sep-09,2,20,28,0.9,20
353,10475,21-Sep-09,3,1,32,1.9,2
354,10475,21-Sep-09,3,2,31,1.6,2
360,10475,21-Sep-09,4,1,34,2.6,2
361,10475,21-Sep-09,4,2,33,2.1,2
424,10475,21-Sep-09,5,1,40,7.8,20
425,10475,21-Sep-09,5,2,40,5.1,20
426,10475,21-Sep-09,5,3,38,4.1,20
427,10475,21-Sep-09,5,4,37,3.8,20
428,10475,21-Sep-09,5,5,37,3.4,20
429,10475,21-Sep-09,5,6,31,1.3,20
430,10475,21-Sep-09,5,7,31,1.6,20
431,10475,21-Sep-09,5,8,31,1.8,20
432,10475,21-Sep-09,5,9,36,2.1,20
433,10475,21-Sep-09,5,10,31,1.5,20
434,10475,21-Sep-09,5,11,31,1.7,20
435,10475,21-Sep-09,5,12,29,1.2,20
436,10475,21-Sep-09,5,13,28,1.2,20
437,10475,21-Sep-09,5,14,28,0.8,20
438,10475,21-Sep-09,5,15,29,1.2,20
439,10475,21-Sep-09,5,16,28,1,20
440,10475,21-Sep-09,5,17,29,1,20
441,10475,21-Sep-09,5,18,30,1.3,20
442,10475,21-Sep-09,5,19,29,1.1,20
443,10475,21-Sep-09,5,20,28,0.9,20
544,10475,21-Sep-09,7,1,37,3.6,10
545,10475,21-Sep-09,7,2,32,1.3,10
546,10475,21-Sep-09,7,3,31,1.2,10
547,10475,21-Sep-09,7,4,31,1.2,10
548,10475,21-Sep-09,7,5,31,1.5,10
549,10475,21-Sep-09,7,6,32,1.5,10
550,10475,21-Sep-09,7,7,30,1.2,10
551,10475,21-Sep-09,7,8,31,1.1,10
552,10475,21-Sep-09,7,9,31,1.2,10
553,10475,21-Sep-09,7,10,28,1.1,10
689,10475,21-Sep-09,10,1,31,1.7,2
690,10475,21-Sep-09,10,2,37,3.9,2
724,10475,21-Sep-09,11,1,37,3.8,10
725,10475,21-Sep-09,11,2,29,1.1,10
727,10475,21-Sep-09,11,4,37,3.9,10
728,10475,21-Sep-09,11,5,31,1.2,10
729,10475,21-Sep-09,11,6,29,1,10
730,10475,21-Sep-09,11,7,31,1.2,10
731,10475,21-Sep-09,11,8,37,4.3,10
732,10475,21-Sep-09,11,9,38,4.3,10
784,10475,21-Sep-09,13,2,27,1,10
785,10475,21-Sep-09,13,3,28,1.2,10
786,10475,21-Sep-09,13,4,31,1.3,10
787,10475,21-Sep-09,13,5,29,0.8,10
788,10475,21-Sep-09,13,6,31,1.7,10
789,10475,21-Sep-09,13,7,29,0.9,10
790,10475,21-Sep-09,13,8,31,1.2,10
791,10475,21-Sep-09,13,9,36,2.8,10
792,10475,21-Sep-09,13,10,37,3.5,10
825,10475,21-Sep-09,15,1,31,1.4,2
826,10475,21-Sep-09,15,2,37,3.6,2
848,10475,21-Sep-09,16,1,38,4,10
849,10475,21-Sep-09,16,2,38,3.5,10
850,10475,21-Sep-09,16,3,31,1.8,10
851,10475,21-Sep-09,16,4,30,1.2,10
852,10475,21-Sep-09,16,5,33,1.8,10
853,10475,21-Sep-09,16,6,30,1.1,10
854,10475,21-Sep-09,16,7,31,1.1,10
855,10475,21-Sep-09,16,8,29,1,10
856,10475,21-Sep-09,16,9,30,0.9,10
857,10475,21-Sep-09,16,10,30,1,10
954,10475,21-Sep-09,17,1,37,3.9,20
955,10475,21-Sep-09,17,2,38,4,20
956,10475,21-Sep-09,17,3,37,2.9,20
957,10475,21-Sep-09,17,4,32,1.7,20
959,10475,21-Sep-09,17,6,34,1.9,20
960,10475,21-Sep-09,17,7,31,1.2,20
961,10475,21-Sep-09,17,8,31,1.2,20
962,10475,21-Sep-09,17,9,29,1.2,20
963,10475,21-Sep-09,17,10,29,0.8,20
964,10475,21-Sep-09,17,11,29,0.9,20
965,10475,21-Sep-09,17,12,29,1,20
966,10475,21-Sep-09,17,13,28,1,20
967,10475,21-Sep-09,17,14,29,1.2,20
968,10475,21-Sep-09,17,15,29,0.4,20
969,10475,21-Sep-09,17,16,28,0.9,20
970,10475,21-Sep-09,17,17,28,0.7,20
971,10475,21-Sep-09,17,18,30,1.4,20
