,LakeID,SampleDate,CageNumber,AnimalNumber,GosnerStage,TadpoleWeight
1,10102,15-Jul-09,1,1,37,8.2
2,10102,15-Jul-09,1,2,38,7.6
3,10102,15-Jul-09,1,3,31,2.6
4,10102,15-Jul-09,1,4,35,3.8
5,10102,15-Jul-09,1,5,31,3.2
6,10102,15-Jul-09,1,6,31,2.6
7,10102,15-Jul-09,1,7,34,2.9
8,10102,15-Jul-09,1,8,35,3.2
9,10102,15-Jul-09,1,9,34,3.1
10,10102,15-Jul-09,1,10,35,3.5
11,10102,15-Jul-09,1,11,33,4.1
12,10102,15-Jul-09,1,12,35,3
13,10102,15-Jul-09,1,13,32,2.9
14,10102,15-Jul-09,1,14,37,7.5
15,10102,15-Jul-09,1,15,37,7.1
16,10102,15-Jul-09,1,16,35,2.7
17,10102,15-Jul-09,1,17,35,3.2
18,10102,15-Jul-09,1,18,32,2.7
19,10102,15-Jul-09,1,19,37,7.8
20,10102,15-Jul-09,1,20,35,3.4
21,10102,15-Jul-09,2,1,31,3.2
22,10102,15-Jul-09,2,2,35,3.7
23,10102,15-Jul-09,3,1,31,2.9
24,10102,15-Jul-09,3,2,34,3.5
25,10102,15-Jul-09,6,1,36,3.5
26,10102,15-Jul-09,6,2,35,3.4
27,10102,15-Jul-09,6,3,35,3.3
28,10102,15-Jul-09,6,4,32,2.9
29,10102,15-Jul-09,6,5,35,3.8
30,10102,15-Jul-09,6,6,31,2.6
31,10102,15-Jul-09,6,7,35,3.3
32,10102,15-Jul-09,6,8,30,2.4
33,10102,15-Jul-09,6,9,35,3.2
34,10102,15-Jul-09,6,10,31,3
35,10102,15-Jul-09,6,11,36,3.1
36,10102,15-Jul-09,6,12,35,3.9
37,10102,15-Jul-09,6,13,38,6.2
38,10102,15-Jul-09,6,14,35,3.8
39,10102,15-Jul-09,6,15,37,5.3
40,10102,15-Jul-09,6,16,34,3.3
41,10102,15-Jul-09,6,17,31,3.1
42,10102,15-Jul-09,6,18,37,6.8
43,10102,15-Jul-09,6,19,35,3.5
44,10102,15-Jul-09,6,20,31,2.9
45,10102,15-Jul-09,7,1,31,2.6
46,10102,15-Jul-09,7,2,35,3.1
47,10102,15-Jul-09,8,1,29,2.4
48,10102,15-Jul-09,8,2,29,2.3
49,10102,15-Jul-09,8,3,37,6.4
50,10102,15-Jul-09,8,4,37,6.1
51,10102,15-Jul-09,8,5,31,2.9
52,10102,15-Jul-09,8,6,34,3.4
53,10102,15-Jul-09,8,7,35,3
54,10102,15-Jul-09,8,8,34,2.8
55,10102,15-Jul-09,8,9,32,3.3
56,10102,15-Jul-09,8,10,32,3.1
57,10102,15-Jul-09,9,1,38,6.3
58,10102,15-Jul-09,9,2,35,3.2
59,10102,15-Jul-09,9,3,32,3.1
60,10102,15-Jul-09,9,4,36,3.9
61,10102,15-Jul-09,9,5,37,5.5
62,10102,15-Jul-09,9,6,34,2.8
63,10102,15-Jul-09,9,7,38,6.1
64,10102,15-Jul-09,9,8,36,2.7
65,10102,15-Jul-09,9,9,36,3.5
66,10102,15-Jul-09,9,10,35,3.7
67,10102,15-Jul-09,9,11,37,6.4
68,10102,15-Jul-09,9,12,32,2.6
69,10102,15-Jul-09,9,13,31,3.1
70,10102,15-Jul-09,9,14,36,3.9
71,10102,15-Jul-09,9,15,35,3.3
72,10102,15-Jul-09,9,16,35,3.3
73,10102,15-Jul-09,9,17,31,2.5
74,10102,15-Jul-09,9,18,30,2.9
75,10102,15-Jul-09,9,19,33,3.1
76,10102,15-Jul-09,9,20,32,2.7
77,10102,15-Jul-09,10,1,31,2.6
78,10102,15-Jul-09,10,2,35,3.2
79,10102,15-Jul-09,10,3,31,1.9
80,10102,15-Jul-09,10,4,34,3.5
81,10102,15-Jul-09,10,5,31,2.2
82,10102,15-Jul-09,10,6,31,3.5
83,10102,15-Jul-09,10,7,37,5.8
84,10102,15-Jul-09,10,8,35,3.4
85,10102,15-Jul-09,10,9,35,3.6
86,10102,15-Jul-09,10,10,35,3.2
87,10102,15-Jul-09,10,11,35,3.4
88,10102,15-Jul-09,10,12,35,3
89,10102,15-Jul-09,10,13,37,5.8
90,10102,15-Jul-09,10,14,31,3.4
91,10102,15-Jul-09,10,15,32,3.1
92,10102,15-Jul-09,10,16,36,3.5
93,10102,15-Jul-09,10,17,36,3.8
94,10102,15-Jul-09,10,18,30,2.8
95,10102,15-Jul-09,10,19,31,2.8
96,10102,15-Jul-09,10,20,36,3.2
97,10102,15-Jul-09,12,1,36,3.8
98,10102,15-Jul-09,12,2,31,1.5
99,10102,15-Jul-09,12,3,38,4.2
100,10102,15-Jul-09,12,4,36,4
101,10102,15-Jul-09,12,5,35,3.7
102,10102,15-Jul-09,12,6,29,2.1
103,10102,15-Jul-09,12,7,33,3.6
104,10102,15-Jul-09,12,8,33,4
105,10102,15-Jul-09,12,9,35,4.1
106,10102,15-Jul-09,12,10,35,3.9
107,10102,15-Jul-09,13,1,31,2.6
108,10102,15-Jul-09,13,2,36,2.7
109,10102,15-Jul-09,14,1,36,3.9
110,10102,15-Jul-09,14,2,35,2.8
111,10102,15-Jul-09,14,3,31,2.6
112,10102,15-Jul-09,14,4,35,3.3
113,10102,15-Jul-09,14,5,34,2.9
114,10102,15-Jul-09,14,6,35,3.1
115,10102,15-Jul-09,14,7,36,4.1
116,10102,15-Jul-09,14,8,32,2.8
117,10102,15-Jul-09,14,9,36,4
118,10102,15-Jul-09,14,10,37,4.6
119,10102,15-Jul-09,17,1,36,3.8
120,10102,15-Jul-09,17,2,32,3.3
121,10102,15-Jul-09,17,3,31,2.6
122,10102,15-Jul-09,17,4,31,3.1
123,10102,15-Jul-09,17,5,32,3.5
124,10102,15-Jul-09,17,6,31,2.5
125,10102,15-Jul-09,17,7,30,1.9
126,10102,15-Jul-09,17,8,31,3.4
127,10102,15-Jul-09,17,9,31,3.1
128,10102,15-Jul-09,17,10,36,3.6
406,10475,21-Jul-09,1,1,37,7.9
407,10475,21-Jul-09,1,2,27,0.3
408,10475,21-Jul-09,1,3,36,5.4
409,10475,21-Jul-09,1,4,36,5.1
410,10475,21-Jul-09,1,5,29,1.5
411,10475,21-Jul-09,1,6,35,4
412,10475,21-Jul-09,1,7,36,2.7
413,10475,21-Jul-09,1,8,30,1.5
414,10475,21-Jul-09,1,9,29,1.2
415,10475,21-Jul-09,1,10,29,2.8
416,10475,21-Jul-09,1,11,36,4.5
417,10475,21-Jul-09,1,12,28,1.2
418,10475,21-Jul-09,1,13,28,1.4
419,10475,21-Jul-09,1,14,27,1.3
420,10475,21-Jul-09,1,15,37,6.1
421,10475,21-Jul-09,1,16,28,1.2
422,10475,21-Jul-09,1,17,35,5.3
423,10475,21-Jul-09,1,18,28,1.2
424,10475,21-Jul-09,1,19,27,1.1
425,10475,21-Jul-09,1,20,37,5
426,10475,21-Jul-09,2,1,36,6.4
427,10475,21-Jul-09,2,2,30,1.5
428,10475,21-Jul-09,2,3,29,1.7
429,10475,21-Jul-09,2,4,29,1.7
430,10475,21-Jul-09,2,5,37,5.3
431,10475,21-Jul-09,2,6,29,1.8
432,10475,21-Jul-09,2,7,37,7.5
433,10475,21-Jul-09,2,8,37,5.8
434,10475,21-Jul-09,2,9,28,1.4
435,10475,21-Jul-09,2,10,27,1.2
436,10475,21-Jul-09,2,11,35,3.3
437,10475,21-Jul-09,2,12,29,1.5
438,10475,21-Jul-09,2,13,37,5.5
439,10475,21-Jul-09,2,14,28,1.2
440,10475,21-Jul-09,2,15,36,4.3
441,10475,21-Jul-09,2,16,29,1.7
442,10475,21-Jul-09,2,17,29,1
443,10475,21-Jul-09,2,18,35,5.1
444,10475,21-Jul-09,2,19,38,6.5
445,10475,21-Jul-09,2,20,29,0.8
446,10475,21-Jul-09,3,1,36,3
447,10475,21-Jul-09,3,2,29,1.5
448,10475,21-Jul-09,4,1,28,1.7
449,10475,21-Jul-09,4,2,37,4.6
450,10475,21-Jul-09,5,1,28,1.1
451,10475,21-Jul-09,5,2,37,5.6
452,10475,21-Jul-09,5,3,37,6.5
453,10475,21-Jul-09,5,4,29,1
454,10475,21-Jul-09,5,5,37,6.8
455,10475,21-Jul-09,5,6,28,1
456,10475,21-Jul-09,5,7,37,5.1
457,10475,21-Jul-09,5,8,36,4.5
458,10475,21-Jul-09,5,9,29,1.4
459,10475,21-Jul-09,5,10,37,4.8
460,10475,21-Jul-09,5,11,29,1.2
461,10475,21-Jul-09,5,12,37,4.8
462,10475,21-Jul-09,5,13,36,4.5
463,10475,21-Jul-09,5,14,27,1.1
464,10475,21-Jul-09,5,15,28,1
465,10475,21-Jul-09,5,16,37,4.3
466,10475,21-Jul-09,5,17,28,1.2
467,10475,21-Jul-09,5,18,29,1.4
468,10475,21-Jul-09,5,19,37,9.3
469,10475,21-Jul-09,5,20,29,1.1
470,10475,21-Jul-09,7,1,37,5.3
471,10475,21-Jul-09,7,2,37,5
472,10475,21-Jul-09,7,3,28,1.1
473,10475,21-Jul-09,7,4,28,1.2
474,10475,21-Jul-09,7,5,37,5.8
475,10475,21-Jul-09,7,6,30,1.4
476,10475,21-Jul-09,7,7,29,1.1
477,10475,21-Jul-09,7,8,37,4
478,10475,21-Jul-09,7,9,29,1.3
479,10475,21-Jul-09,7,10,36,4.2
480,10475,21-Jul-09,10,1,36,4.7
481,10475,21-Jul-09,10,2,28,1.4
482,10475,21-Jul-09,11,1,36,5.9
483,10475,21-Jul-09,11,2,37,4.6
484,10475,21-Jul-09,11,3,29,1.3
485,10475,21-Jul-09,11,4,28,1.5
486,10475,21-Jul-09,11,5,29,1.6
487,10475,21-Jul-09,11,6,35,4.3
488,10475,21-Jul-09,11,7,37,5.1
489,10475,21-Jul-09,11,8,36,4.5
490,10475,21-Jul-09,11,9,30,1.7
491,10475,21-Jul-09,11,10,36,4.7
492,10475,21-Jul-09,13,1,37,5
493,10475,21-Jul-09,13,2,37,4.7
494,10475,21-Jul-09,13,3,29,1
495,10475,21-Jul-09,13,4,37,5.4
496,10475,21-Jul-09,13,5,37,5
497,10475,21-Jul-09,13,6,29,1.9
498,10475,21-Jul-09,13,7,29,1.4
499,10475,21-Jul-09,13,8,29,1.2
500,10475,21-Jul-09,13,9,30,1.2
501,10475,21-Jul-09,13,10,37,3.6
502,10475,21-Jul-09,15,1,30,2.7
503,10475,21-Jul-09,15,2,37,4
504,10475,21-Jul-09,16,1,37,5.8
505,10475,21-Jul-09,16,2,36,4.2
506,10475,21-Jul-09,16,3,30,1
507,10475,21-Jul-09,16,4,28,0.8
508,10475,21-Jul-09,16,5,30,1.3
509,10475,21-Jul-09,16,6,36,4.9
510,10475,21-Jul-09,16,7,29,1.5
511,10475,21-Jul-09,16,8,29,1.3
512,10475,21-Jul-09,16,9,36,4.4
513,10475,21-Jul-09,16,10,30,0.4
514,10475,21-Jul-09,17,1,28,1.2
515,10475,21-Jul-09,17,2,29,2.4
516,10475,21-Jul-09,17,3,37,7.2
517,10475,21-Jul-09,17,4,28,1.1
518,10475,21-Jul-09,17,5,37,5.8
519,10475,21-Jul-09,17,6,37,5.2
520,10475,21-Jul-09,17,7,29,1.8
521,10475,21-Jul-09,17,8,28,1.6
522,10475,21-Jul-09,17,9,29,1.5
523,10475,21-Jul-09,17,10,38,6.4
524,10475,21-Jul-09,17,11,29,1.2
525,10475,21-Jul-09,17,12,37,5.4
526,10475,21-Jul-09,17,13,29,1.2
527,10475,21-Jul-09,17,14,36,4.6
528,10475,21-Jul-09,17,15,37,3.4
529,10475,21-Jul-09,17,16,28,1
530,10475,21-Jul-09,17,17,36,4.1
531,10475,21-Jul-09,17,18,29,1.8
532,10475,21-Jul-09,17,19,36,4.8
533,10475,21-Jul-09,17,20,29,1.8
129,10102,1-Aug-09,1,1,41,5.2
130,10102,1-Aug-09,1,2,34,1.9
131,10102,1-Aug-09,1,3,39,3.8
132,10102,1-Aug-09,1,4,35,2.8
133,10102,1-Aug-09,1,5,39,5.7
134,10102,1-Aug-09,1,6,41,5
135,10102,1-Aug-09,1,7,31,2
136,10102,1-Aug-09,1,8,41,6.2
137,10102,1-Aug-09,1,9,35,2.1
138,10102,1-Aug-09,1,10,35,2.6
139,10102,1-Aug-09,1,11,32,2.1
140,10102,1-Aug-09,1,12,34,2.5
141,10102,1-Aug-09,1,13,35,2.3
142,10102,1-Aug-09,1,14,34,2.2
143,10102,1-Aug-09,1,15,35,2.3
144,10102,1-Aug-09,1,16,36,2.4
145,10102,1-Aug-09,1,17,35,2.3
146,10102,1-Aug-09,1,18,35,2
147,10102,1-Aug-09,1,19,33,2.1
148,10102,1-Aug-09,1,20,34,2
534,10475,12-Aug-09,0,1,41,4.9
535,10475,12-Aug-09,0,2,41,4.2
536,10475,12-Aug-09,0,3,41,7.1
537,10475,12-Aug-09,0,4,38,6.7
538,10475,12-Aug-09,0,5,40,5.1
539,10475,12-Aug-09,0,6,38,8.1
540,10475,12-Aug-09,0,7,37,5.9
541,10475,12-Aug-09,0,8,40,5.4
542,10475,12-Aug-09,0,9,37,5.4
543,10475,12-Aug-09,0,10,38,7.3
544,10475,12-Aug-09,0,11,39,6.4
545,10475,12-Aug-09,0,12,40,6.8
546,10475,12-Aug-09,0,13,40,6.2
547,10475,12-Aug-09,0,14,41,4.5
548,10475,12-Aug-09,0,15,37,5.4
549,10475,12-Aug-09,0,16,41,4.9
550,10475,12-Aug-09,0,17,39,6.3
551,10475,12-Aug-09,1,1,36,2.4
552,10475,12-Aug-09,1,2,38,4.7
553,10475,12-Aug-09,1,3,37,4.6
554,10475,12-Aug-09,1,4,41,3.1
555,10475,12-Aug-09,1,5,28,0.8
556,10475,12-Aug-09,1,6,37,4.3
557,10475,12-Aug-09,1,7,29,1.7
558,10475,12-Aug-09,1,8,27,0.4
559,10475,12-Aug-09,1,9,37,3.6
560,10475,12-Aug-09,1,10,28,0.5
561,10475,12-Aug-09,1,11,28,0.8
562,10475,12-Aug-09,1,12,37,5.2
563,10475,12-Aug-09,1,13,31,1
564,10475,12-Aug-09,1,14,28,0.6
565,10475,12-Aug-09,1,15,30,0.8
566,10475,12-Aug-09,1,16,31,1.4
567,10475,12-Aug-09,1,17,29,1.2
568,10475,12-Aug-09,1,18,37,4.3
569,10475,12-Aug-09,1,19,37,3.7
570,10475,12-Aug-09,1,101,31,1.5
571,10475,12-Aug-09,1,102,31,1.6
572,10475,12-Aug-09,2,1,38,4.2
573,10475,12-Aug-09,2,2,39,5.7
574,10475,12-Aug-09,2,3,37,4
575,10475,12-Aug-09,2,4,37,2.7
576,10475,12-Aug-09,2,5,40,4.1
577,10475,12-Aug-09,2,6,40,4.8
578,10475,12-Aug-09,2,7,40,5.8
579,10475,12-Aug-09,2,8,41,3.7
580,10475,12-Aug-09,2,9,30,1.1
581,10475,12-Aug-09,2,10,30,1.2
582,10475,12-Aug-09,2,11,31,1.5
583,10475,12-Aug-09,2,12,31,1.2
584,10475,12-Aug-09,2,13,40,4.1
585,10475,12-Aug-09,2,14,29,1.2
586,10475,12-Aug-09,2,15,29,0.9
587,10475,12-Aug-09,2,16,29,1.2
588,10475,12-Aug-09,2,17,30,1.3
589,10475,12-Aug-09,2,18,29,0.7
590,10475,12-Aug-09,2,19,29,0.9
591,10475,12-Aug-09,2,20,29,0.9
592,10475,12-Aug-09,2,101,32,2.4
593,10475,12-Aug-09,2,102,31,2
594,10475,12-Aug-09,2,103,30,1.8
595,10475,12-Aug-09,2,104,31,2.7
596,10475,12-Aug-09,2,105,30,2
597,10475,12-Aug-09,2,106,30,2.1
598,10475,12-Aug-09,3,1,39,4.1
599,10475,12-Aug-09,3,2,32,1.9
600,10475,12-Aug-09,3,101,31,2
601,10475,12-Aug-09,4,1,37,4.4
602,10475,12-Aug-09,4,2,33,1.8
603,10475,12-Aug-09,4,101,32,2.6
604,10475,12-Aug-09,5,1,41,3.9
605,10475,12-Aug-09,5,2,41,4.8
606,10475,12-Aug-09,5,3,38,5.1
607,10475,12-Aug-09,5,4,38,4.4
608,10475,12-Aug-09,5,5,38,8.6
609,10475,12-Aug-09,5,6,31,1.2
610,10475,12-Aug-09,5,7,28,0.9
611,10475,12-Aug-09,5,8,30,0.9
612,10475,12-Aug-09,5,9,29,1.2
613,10475,12-Aug-09,5,10,31,0.9
614,10475,12-Aug-09,5,11,29,1
615,10475,12-Aug-09,5,12,29,0.7
616,10475,12-Aug-09,5,13,28,0.9
617,10475,12-Aug-09,5,14,28,0.8
618,10475,12-Aug-09,5,16,37,3.6
619,10475,12-Aug-09,5,17,29,1.5
620,10475,12-Aug-09,5,18,37,3.4
621,10475,12-Aug-09,5,19,37,3.8
622,10475,12-Aug-09,5,20,39,5.5
623,10475,12-Aug-09,5,101,32,1.8
624,10475,12-Aug-09,5,102,30,1.7
625,10475,12-Aug-09,7,1,41,3.9
626,10475,12-Aug-09,7,2,41,3.9
627,10475,12-Aug-09,7,3,40,3.7
628,10475,12-Aug-09,7,4,40,4.2
629,10475,12-Aug-09,7,5,38,3.6
630,10475,12-Aug-09,7,6,28,0.9
631,10475,12-Aug-09,7,7,31,1.3
632,10475,12-Aug-09,7,8,31,1
633,10475,12-Aug-09,7,9,31,1.3
634,10475,12-Aug-09,7,10,30,1
635,10475,12-Aug-09,7,101,31,2.1
636,10475,12-Aug-09,7,102,31,2.4
637,10475,12-Aug-09,7,103,31,1.8
638,10475,12-Aug-09,7,104,31,2.3
639,10475,12-Aug-09,10,1,31,1.6
640,10475,12-Aug-09,10,101,37,3.6
641,10475,12-Aug-09,11,1,37,3.6
642,10475,12-Aug-09,11,2,38,4.8
643,10475,12-Aug-09,11,3,38,4.2
644,10475,12-Aug-09,11,4,38,4.5
645,10475,12-Aug-09,11,5,41,3.9
646,10475,12-Aug-09,11,6,39,3.8
647,10475,12-Aug-09,11,8,30,1.3
648,10475,12-Aug-09,11,9,30,1.1
649,10475,12-Aug-09,11,10,29,1.3
650,10475,12-Aug-09,11,11,29,1.2
651,10475,12-Aug-09,11,101,29,1.8
652,10475,12-Aug-09,11,102,29,1.7
653,10475,12-Aug-09,13,1,41,3.7
654,10475,12-Aug-09,13,2,40,4.4
655,10475,12-Aug-09,13,3,39,4.1
656,10475,12-Aug-09,13,4,38,3.4
657,10475,12-Aug-09,13,5,37,3.2
658,10475,12-Aug-09,13,6,30,1.2
659,10475,12-Aug-09,13,7,29,1.3
660,10475,12-Aug-09,13,8,30,1.3
661,10475,12-Aug-09,13,9,30,1.3
662,10475,12-Aug-09,13,10,28,0.9
663,10475,12-Aug-09,13,101,31,2
664,10475,12-Aug-09,13,102,29,1.4
665,10475,12-Aug-09,13,103,30,2
666,10475,12-Aug-09,16,1,38,5.2
667,10475,12-Aug-09,16,2,30,1.4
668,10475,12-Aug-09,16,3,37,3.7
669,10475,12-Aug-09,16,4,31,2.1
670,10475,12-Aug-09,16,5,31,1.1
671,10475,12-Aug-09,16,6,30,1.7
672,10475,12-Aug-09,16,7,31,1.2
673,10475,12-Aug-09,16,8,37,4.7
674,10475,12-Aug-09,16,9,28,1.1
675,10475,12-Aug-09,16,10,38, na
676,10475,12-Aug-09,16,101,30,1.8
677,10475,12-Aug-09,17,1, na, na
678,10475,12-Aug-09,17,2,41,3.1
679,10475,12-Aug-09,17,3,41,4.6
680,10475,12-Aug-09,17,4,41,4.3
681,10475,12-Aug-09,17,5,37,3.4
682,10475,12-Aug-09,17,6,39,5.3
683,10475,12-Aug-09,17,7,38,4
684,10475,12-Aug-09,17,8, na, na
685,10475,12-Aug-09,17,9,37,4.3
686,10475,12-Aug-09,17,10,37,4
687,10475,12-Aug-09,17,11,32,1.1
688,10475,12-Aug-09,17,12,31,1.1
689,10475,12-Aug-09,17,13,29,1
690,10475,12-Aug-09,17,14,30,1
691,10475,12-Aug-09,17,15,29,0.9
692,10475,12-Aug-09,17,16,29,0.8
693,10475,12-Aug-09,17,17,30,1
694,10475,12-Aug-09,17,18,29,1.2
695,10475,12-Aug-09,17,19,27,1.1
696,10475,12-Aug-09,17,20,28,0.7
697,10475,12-Aug-09,17,101,32,1.9
698,10475,12-Aug-09,17,102,31,1.7
699,10475,12-Aug-09,17,103,33,2.4
700,10475,12-Aug-09,17,104,31,1.8
701,10475,12-Aug-09,17,105,31,1.7
702,10475,12-Aug-09,17,106,30,2.1
703,10475,21-Aug-09,5,15,32,1.6
704,10475,21-Aug-09,11,7,38,4.4
149,10102,23-Aug-09,0,1,28,2.4
150,10102,23-Aug-09,0,2,31,2.8
151,10102,23-Aug-09,0,3,31,2.8
152,10102,23-Aug-09,0,4,34,3.6
153,10102,23-Aug-09,0,5,32,3.7
154,10102,23-Aug-09,0,6,31,2.3
155,10102,23-Aug-09,0,7,34,3.6
156,10102,23-Aug-09,0,8,36,6.8
157,10102,23-Aug-09,0,9,37,4.9
158,10102,23-Aug-09,0,10,37,6.5
159,10102,23-Aug-09,0,11,39,8.8
160,10102,23-Aug-09,0,12,41,11.3
161,10102,23-Aug-09,0,13,35,5.7
162,10102,23-Aug-09,0,14,41,11.8
163,10102,23-Aug-09,0,15,35,4.9
164,10102,23-Aug-09,0,16,40,10
165,10102,23-Aug-09,0,17,38,6.6
166,10102,23-Aug-09,0,18,36,5.1
167,10102,23-Aug-09,0,19,30,3.1
168,10102,23-Aug-09,0,20,35,4.3
169,10102,23-Aug-09,0,21,35,4.8
170,10102,23-Aug-09,0,22,34,4.1
171,10102,23-Aug-09,0,23,37,5
172,10102,23-Aug-09,0,24,38,5.8
173,10102,23-Aug-09,0,25,26,0.7
174,10102,23-Aug-09,0,26,38,6.1
175,10102,23-Aug-09,0,27,36,5.1
176,10102,23-Aug-09,0,28,26,0.5
177,10102,23-Aug-09,0,29,41,11
178,10102,23-Aug-09,0,30,37,6.2
179,10102,23-Aug-09,1,1,33,1.9
180,10102,23-Aug-09,1,2,37,3.8
181,10102,23-Aug-09,1,3,38,2.6
182,10102,23-Aug-09,1,4,36,2.8
183,10102,23-Aug-09,1,5,37,3.2
184,10102,23-Aug-09,1,6,36,2.9
185,10102,23-Aug-09,1,7,36,2.2
186,10102,23-Aug-09,1,8,37,2.5
187,10102,23-Aug-09,1,9,37,2.6
188,10102,23-Aug-09,1,10,36,2.6
189,10102,23-Aug-09,1,11,36,2.1
190,10102,23-Aug-09,1,12,37,2.7
191,10102,23-Aug-09,1,13,34,1.9
192,10102,23-Aug-09,1,14,36,2.1
193,10102,23-Aug-09,1,15,33,2
194,10102,23-Aug-09,1,16,33,2.5
195,10102,23-Aug-09,1,17,37,2.5
196,10102,23-Aug-09,1,18,37,2.4
197,10102,23-Aug-09,1,19,37,2.3
198,10102,23-Aug-09,1,20,36,2.2
199,10102,23-Aug-09,2,1,35,3
200,10102,23-Aug-09,2,2,34,2.5
201,10102,23-Aug-09,3,1,36,3.2
202,10102,23-Aug-09,3,2,32,2.9
203,10102,23-Aug-09,6,1,32,2
204,10102,23-Aug-09,6,2,37,3.5
205,10102,23-Aug-09,6,3,36,2.6
206,10102,23-Aug-09,6,4,36,2.5
207,10102,23-Aug-09,6,5,32,2.1
208,10102,23-Aug-09,6,6,35,2
209,10102,23-Aug-09,6,7,36,2.1
210,10102,23-Aug-09,6,8,31,1.6
211,10102,23-Aug-09,6,9,35,2.5
212,10102,23-Aug-09,6,10,32,2.1
213,10102,23-Aug-09,6,11,36,2.7
214,10102,23-Aug-09,6,12,35,2.7
215,10102,23-Aug-09,6,13,35,2.8
216,10102,23-Aug-09,6,14,35,2.5
217,10102,23-Aug-09,6,15,34,2.5
218,10102,23-Aug-09,6,16,36,3.1
219,10102,23-Aug-09,6,17,35,2.2
220,10102,23-Aug-09,6,18,31,1.8
221,10102,23-Aug-09,6,19,32,1.8
222,10102,23-Aug-09,6,20,35,2.2
223,10102,23-Aug-09,7,1,34,3.7
224,10102,23-Aug-09,7,2,31,3.2
225,10102,23-Aug-09,8,1,34,2.7
226,10102,23-Aug-09,8,2,35,2.9
227,10102,23-Aug-09,8,3,34,1.9
228,10102,23-Aug-09,8,4,32,1.7
229,10102,23-Aug-09,8,5,31,1.5
230,10102,23-Aug-09,8,6,33,2.3
231,10102,23-Aug-09,8,7,34,2.3
232,10102,23-Aug-09,8,8,34,2.4
233,10102,23-Aug-09,8,9,35,2.5
234,10102,23-Aug-09,8,10,34,2.2
235,10102,23-Aug-09,8,11,27,0.3
236,10102,23-Aug-09,9,1,36,2.8
237,10102,23-Aug-09,9,2,37,3.9
238,10102,23-Aug-09,9,3,36,2.8
239,10102,23-Aug-09,9,4,37,3.2
240,10102,23-Aug-09,9,5,32,2.1
241,10102,23-Aug-09,9,6,37,2.9
242,10102,23-Aug-09,9,7,38,4.5
243,10102,23-Aug-09,9,8,36,2.4
244,10102,23-Aug-09,9,9,33,2.8
245,10102,23-Aug-09,9,10,32,2.8
246,10102,23-Aug-09,9,11,36,2.5
247,10102,23-Aug-09,9,12,36,2.9
248,10102,23-Aug-09,9,13,32,1.9
249,10102,23-Aug-09,9,14,35,2.9
250,10102,23-Aug-09,9,15,32,2.3
251,10102,23-Aug-09,9,16,34,2.3
252,10102,23-Aug-09,9,17,34,2
253,10102,23-Aug-09,9,18,34,2.2
254,10102,23-Aug-09,9,19,36,2.4
255,10102,23-Aug-09,9,20,34,2.6
256,10102,23-Aug-09,13,1,36,3
257,10102,23-Aug-09,13,2,32,2.3
258,10102,23-Aug-09,14,1,37,3.6
259,10102,23-Aug-09,14,2,37,3.6
260,10102,23-Aug-09,14,3,32,2.5
261,10102,23-Aug-09,14,4,35,2.2
262,10102,23-Aug-09,14,5,33,2.5
263,10102,23-Aug-09,14,6,36,2.2
264,10102,23-Aug-09,14,7,35,2.8
265,10102,23-Aug-09,14,8,35,2
266,10102,23-Aug-09,14,9,35,2.9
267,10102,23-Aug-09,14,10,32,2
268,10102,23-Aug-09,17,1,36,3
269,10102,23-Aug-09,17,2,32,2.8
270,10102,23-Aug-09,17,3,33,2.5
271,10102,23-Aug-09,17,4,34,2.7
272,10102,23-Aug-09,17,5,36,3.3
273,10102,23-Aug-09,17,6,33,2.3
274,10102,23-Aug-09,17,7,31,1.8
275,10102,23-Aug-09,17,8,33,2.3
276,10102,23-Aug-09,17,9,31,1.8
277,10102,23-Aug-09,17,10,34,2.9
705,10475,31-Aug-09,0,1,33,2.6
706,10475,31-Aug-09,0,2,33,2
707,10475,31-Aug-09,0,3,33,2.5
708,10475,31-Aug-09,0,4,32,2.9
709,10475,31-Aug-09,0,5,35,2.8
710,10475,31-Aug-09,0,6,33,2.7
711,10475,31-Aug-09,0,7,35,2.8
712,10475,31-Aug-09,0,8,35,2.6
713,10475,31-Aug-09,0,9,31,2.3
714,10475,31-Aug-09,0,10,31,2.2
715,10475,31-Aug-09,0,11,31,2.2
716,10475,31-Aug-09,0,12,31,2.1
717,10475,31-Aug-09,0,13,33,2.8
718,10475,31-Aug-09,0,14,33,2.8
719,10475,31-Aug-09,0,15,31,1.7
720,10475,31-Aug-09,0,16,31,2.3
721,10475,31-Aug-09,0,17,27,0.3
722,10475,31-Aug-09,0,18,34,3.1
723,10475,31-Aug-09,0,19,27,0.5
724,10475,31-Aug-09,0,20,28,0.4
725,10475,31-Aug-09,0,21,27,0.3
726,10475,31-Aug-09,0,22,28,0.8
727,10475,31-Aug-09,0,23,31,2.1
728,10475,31-Aug-09,0,24,41,6.2
729,10475,31-Aug-09,0,25,32,1.4
730,10475,31-Aug-09,0,26,27,0.3
731,10475,31-Aug-09,0,27,40,6.2
732,10475,31-Aug-09,0,28,35,2.7
733,10475,31-Aug-09,0,29,31,1.9
734,10475,31-Aug-09,0,30,35,2.7
735,10475,31-Aug-09,0,31,31,1.9
736,10475,31-Aug-09,1,1,37,4.6
737,10475,31-Aug-09,1,2,38,3.7
738,10475,31-Aug-09,1,3,40,4.7
739,10475,31-Aug-09,1,4,37,4.1
740,10475,31-Aug-09,1,5,36,4.5
741,10475,31-Aug-09,1,6,37,4.1
742,10475,31-Aug-09,1,7,36,3.3
743,10475,31-Aug-09,1,8,33,1
744,10475,31-Aug-09,1,9,35,1.7
745,10475,31-Aug-09,1,10,27,0.3
746,10475,31-Aug-09,1,11,32,1.2
747,10475,31-Aug-09,1,12,31,1
748,10475,31-Aug-09,1,13,30,1
749,10475,31-Aug-09,1,14,28,0.6
750,10475,31-Aug-09,1,15,30,1
751,10475,31-Aug-09,1,16,29,0.9
752,10475,31-Aug-09,1,17,29,1
753,10475,31-Aug-09,1,18,28,0.6
754,10475,31-Aug-09,1,19,27,0.8
755,10475,31-Aug-09,1,20, na, na
756,10475,31-Aug-09,5,1,39,5.6
757,10475,31-Aug-09,5,2,38,4.1
758,10475,31-Aug-09,5,3,37,3.9
759,10475,31-Aug-09,5,4,38,8.1
760,10475,31-Aug-09,5,5,38,6
761,10475,31-Aug-09,5,6,39,4.9
762,10475,31-Aug-09,5,7,36,3.7
763,10475,31-Aug-09,5,8,28,0.9
764,10475,31-Aug-09,5,9,31,1.1
765,10475,31-Aug-09,5,10,31,1.7
766,10475,31-Aug-09,5,11,29,1.3
767,10475,31-Aug-09,5,12,33,1.2
768,10475,31-Aug-09,5,13,28,1.1
769,10475,31-Aug-09,5,14,29,0.9
770,10475,31-Aug-09,5,15,28,0.8
771,10475,31-Aug-09,5,16,29,1.3
772,10475,31-Aug-09,5,17,28,1
773,10475,31-Aug-09,5,18, na, na
774,10475,31-Aug-09,5,19, na, na
775,10475,31-Aug-09,5,20, na, na
776,10475,31-Aug-09,7,1,37,3.8
777,10475,31-Aug-09,7,2,29,0.9
778,10475,31-Aug-09,7,3,31,1.3
779,10475,31-Aug-09,7,4,31,1.7
780,10475,31-Aug-09,7,5,31,1.8
781,10475,31-Aug-09,7,6,31,1.6
782,10475,31-Aug-09,7,7,31,1.2
783,10475,31-Aug-09,7,8,30,1.1
784,10475,31-Aug-09,7,9,31,1.3
785,10475,31-Aug-09,7,10,31,1
786,10475,31-Aug-09,11,1,37,4.2
787,10475,31-Aug-09,11,2,37,4.1
788,10475,31-Aug-09,11,3,36,4.2
789,10475,31-Aug-09,11,4,37,4.4
790,10475,31-Aug-09,11,5,31,1.2
791,10475,31-Aug-09,11,6,30,1.1
792,10475,31-Aug-09,11,7,31,1.2
793,10475,31-Aug-09,11,8,29,1.2
794,10475,31-Aug-09,11,9,29,1.1
795,10475,31-Aug-09,11,10,28,1.1
796,10475,31-Aug-09,17,1,32,1.4
797,10475,31-Aug-09,17,2,37,4.2
798,10475,31-Aug-09,17,3,37,4.2
799,10475,31-Aug-09,17,4,39,3.7
800,10475,31-Aug-09,17,5,37,3.3
801,10475,31-Aug-09,17,6, na,1.7
802,10475,31-Aug-09,17,7,28,0.9
803,10475,31-Aug-09,17,8,31,1.2
804,10475,31-Aug-09,17,9,31,1.4
805,10475,31-Aug-09,17,10,29,1.1
806,10475,31-Aug-09,17,11,30,0.9
807,10475,31-Aug-09,17,12,29,0.4
808,10475,31-Aug-09,17,13,28,0.9
809,10475,31-Aug-09,17,14,31,1.4
810,10475,31-Aug-09,17,15,28,1
811,10475,31-Aug-09,17,16,29,1
812,10475,31-Aug-09,17,17,31,1.2
813,10475,31-Aug-09,17,18,31,1.1
814,10475,31-Aug-09,17,19,30,1
815,10475,31-Aug-09,17,20, na, na
278,10102,9-Sep-09,1,1,35,3.1
279,10102,14-Sep-09,1,2,35,3.1
280,10102,14-Sep-09,1,3,35,2.7
281,10102,14-Sep-09,1,4,35,3.3
282,10102,14-Sep-09,1,5,34,2.1
283,10102,14-Sep-09,1,6,34,3
284,10102,14-Sep-09,1,7,34,3
285,10102,14-Sep-09,1,8,35,3.4
286,10102,14-Sep-09,1,9,33,2.3
287,10102,14-Sep-09,1,10,35,2.5
288,10102,14-Sep-09,1,11,34,2
289,10102,14-Sep-09,1,12,35,2.9
290,10102,14-Sep-09,1,13,37,2.7
291,10102,14-Sep-09,1,14,36,2.9
292,10102,14-Sep-09,1,15,34,2.3
293,10102,14-Sep-09,1,16,36,2.5
294,10102,14-Sep-09,1,17,35,2.6
295,10102,14-Sep-09,1,18,31, na
296,10102,14-Sep-09,1,19,31,2.2
297,10102,14-Sep-09,1,20,34,2.7
298,10102,14-Sep-09,2,1,36,3.5
299,10102,14-Sep-09,2,2,34,2.8
300,10102,14-Sep-09,3,1,33,2.8
301,10102,14-Sep-09,3,2,36,3.2
302,10102,14-Sep-09,6,1,35,2.6
303,10102,14-Sep-09,6,2,36,3.3
304,10102,14-Sep-09,6,3,36,3
305,10102,14-Sep-09,6,4,36,3.5
306,10102,14-Sep-09,6,5,35,2.7
307,10102,14-Sep-09,6,6,36,2.8
308,10102,14-Sep-09,6,7,35,2.5
309,10102,14-Sep-09,6,8,34,2.4
310,10102,14-Sep-09,6,9,35,2.8
311,10102,14-Sep-09,6,10,35,2.9
312,10102,14-Sep-09,6,11,32,2.2
313,10102,14-Sep-09,6,12,35,2.4
314,10102,14-Sep-09,6,13,31,2.2
315,10102,14-Sep-09,6,14,36,2.6
316,10102,14-Sep-09,6,15,33,2.1
317,10102,14-Sep-09,6,16,30,1.9
318,10102,14-Sep-09,6,17,36,2.3
319,10102,14-Sep-09,6,18,33,2.1
320,10102,14-Sep-09,6,19,31,2.2
321,10102,14-Sep-09,6,20,30,1.8
322,10102,14-Sep-09,7,1,35,3.1
323,10102,14-Sep-09,7,2,32,2.8
324,10102,14-Sep-09,8,1,34,3
325,10102,14-Sep-09,8,2,35,2.6
326,10102,14-Sep-09,8,3,33,2.7
327,10102,14-Sep-09,8,4,34,2.8
328,10102,14-Sep-09,8,5,31,2
329,10102,14-Sep-09,8,6,35,2.5
330,10102,14-Sep-09,8,7,36,2.8
331,10102,14-Sep-09,8,8,33,2.2
332,10102,14-Sep-09,8,9,30,1.5
333,10102,14-Sep-09,8,10,27,0.6
334,10102,14-Sep-09,9,1,36,3
335,10102,14-Sep-09,9,2,35,2.7
336,10102,14-Sep-09,9,3,36,3.5
337,10102,14-Sep-09,9,4,32,2.7
338,10102,14-Sep-09,9,5,36,4.4
339,10102,14-Sep-09,9,6,35,3.1
340,10102,14-Sep-09,9,7,36,3.2
341,10102,14-Sep-09,9,8,31,2.6
342,10102,14-Sep-09,9,9,35,3.1
343,10102,14-Sep-09,9,10,33,2.6
344,10102,14-Sep-09,9,11,37,4.9
345,10102,14-Sep-09,9,12,35,2.8
346,10102,14-Sep-09,9,13,35,3
347,10102,14-Sep-09,9,14,33,2.5
348,10102,14-Sep-09,9,15,31,2.4
349,10102,14-Sep-09,9,16,35,3.1
350,10102,14-Sep-09,9,17,36,3.3
351,10102,14-Sep-09,9,18,34,2.2
352,10102,14-Sep-09,9,19,34,2.7
353,10102,14-Sep-09,9,20,33,2.3
354,10102,14-Sep-09,10,1,34,1.6
355,10102,14-Sep-09,10,2,35,3.1
356,10102,14-Sep-09,10,3,31,2.1
357,10102,14-Sep-09,10,4,38,4.2
358,10102,14-Sep-09,10,5,33,2.5
359,10102,14-Sep-09,10,6,36,3
360,10102,14-Sep-09,10,7,31,2.8
361,10102,14-Sep-09,10,8,36,3.3
362,10102,14-Sep-09,10,9,31,2.3
363,10102,14-Sep-09,10,10,35,2.8
364,10102,14-Sep-09,10,11,34,3
365,10102,14-Sep-09,10,12,35,3.4
366,10102,14-Sep-09,10,13,31,2.2
367,10102,14-Sep-09,10,14,35,2.8
368,10102,14-Sep-09,10,15,36,2.9
369,10102,14-Sep-09,10,16,35,2.5
370,10102,14-Sep-09,10,17,36,2.6
371,10102,14-Sep-09,10,18,31,2.1
372,10102,14-Sep-09,10,19,32,2
373,10102,14-Sep-09,10,20,35,2.5
374,10102,14-Sep-09,12,1,36,3
375,10102,14-Sep-09,12,2,36,2.8
376,10102,14-Sep-09,12,3,35,2.8
377,10102,14-Sep-09,12,4,36,3.1
378,10102,14-Sep-09,12,5,32,2.7
379,10102,14-Sep-09,12,6,37,2.9
380,10102,14-Sep-09,12,7,37,2.9
381,10102,14-Sep-09,12,8,33,2.2
382,10102,14-Sep-09,12,9,29,1.8
383,10102,14-Sep-09,12,10,31,2.1
384,10102,14-Sep-09,13,1,35,3.8
385,10102,14-Sep-09,13,2,31,2.6
386,10102,14-Sep-09,14,1,31,2.4
387,10102,14-Sep-09,14,2,36,3.8
388,10102,14-Sep-09,14,3,35,2.4
389,10102,14-Sep-09,14,4,33,2.4
390,10102,14-Sep-09,14,5,37,4
391,10102,14-Sep-09,14,6,35,2.7
392,10102,14-Sep-09,14,7,35,2.2
393,10102,14-Sep-09,14,8,35,3.2
394,10102,14-Sep-09,14,9,34,2.8
395,10102,14-Sep-09,14,10,35,3
396,10102,14-Sep-09,17,1,33,3
397,10102,14-Sep-09,17,2,36,3.5
398,10102,14-Sep-09,17,3,31,2.6
399,10102,14-Sep-09,17,4,36,3.6
400,10102,14-Sep-09,17,5,32,2.5
401,10102,14-Sep-09,17,6,33,3
402,10102,14-Sep-09,17,7,32,2.8
403,10102,14-Sep-09,17,8,32,3.1
404,10102,14-Sep-09,17,9,31,2.1
405,10102,14-Sep-09,17,10,31,2.4
816,10475,21-Sep-09,0,1,31,3.5
817,10475,21-Sep-09,0,2,34,3
818,10475,21-Sep-09,0,3,34,2.7
819,10475,21-Sep-09,0,4,38,7.3
820,10475,21-Sep-09,0,5,27,0.6
821,10475,21-Sep-09,0,6,28,1.4
822,10475,21-Sep-09,0,7,31,2.3
823,10475,21-Sep-09,0,8,27,1.4
824,10475,21-Sep-09,0,9,32,2.9
825,10475,21-Sep-09,0,10,31,2.7
826,10475,21-Sep-09,0,11,33,2.4
827,10475,21-Sep-09,0,12,26,0.4
828,10475,21-Sep-09,0,13,34,3
829,10475,21-Sep-09,0,14,26,0.1
830,10475,21-Sep-09,0,15,34,3.3
831,10475,21-Sep-09,0,16,34,3.5
832,10475,21-Sep-09,0,17,31,3
833,10475,21-Sep-09,0,18,31,2.9
834,10475,21-Sep-09,0,19,26,0.5
835,10475,21-Sep-09,0,20,34,3.2
836,10475,21-Sep-09,0,21,29,3
837,10475,21-Sep-09,0,22,33,2.7
838,10475,21-Sep-09,0,23,33,3.4
839,10475,21-Sep-09,0,24,31,3.1
840,10475,21-Sep-09,0,25,38,7.1
841,10475,21-Sep-09,0,26,31,3.1
842,10475,21-Sep-09,0,27,39,3.6
843,10475,21-Sep-09,0,28,31,2.4
844,10475,21-Sep-09,0,29,31,2.4
845,10475,21-Sep-09,0,30,31,2.2
846,10475,21-Sep-09,1,1,40,4.5
847,10475,21-Sep-09,1,2,39,4.3
848,10475,21-Sep-09,1,3,38,3.3
849,10475,21-Sep-09,1,4,38,3.9
850,10475,21-Sep-09,1,5,38,3.6
851,10475,21-Sep-09,1,6,33,1.6
852,10475,21-Sep-09,1,7,31,1.2
853,10475,21-Sep-09,1,8,33,1.8
854,10475,21-Sep-09,1,9,28,0.4
855,10475,21-Sep-09,1,10,36,1.3
856,10475,21-Sep-09,1,11,28,0.9
857,10475,21-Sep-09,1,12,28,0.7
858,10475,21-Sep-09,1,13,30,0.9
859,10475,21-Sep-09,1,14,28,0.8
860,10475,21-Sep-09,1,15,29,0.9
861,10475,21-Sep-09,1,16,28,0.6
862,10475,21-Sep-09,1,17,28,0.6
863,10475,21-Sep-09,1,18, na, na
864,10475,21-Sep-09,1,19, na, na
865,10475,21-Sep-09,1,20, na, na
866,10475,21-Sep-09,2,1,37,4
867,10475,21-Sep-09,2,2,36,2.6
868,10475,21-Sep-09,2,3,37,3.5
869,10475,21-Sep-09,2,4,31,0.8
870,10475,21-Sep-09,2,5,29,1.2
871,10475,21-Sep-09,2,6,30,1
872,10475,21-Sep-09,2,7,30,1.2
873,10475,21-Sep-09,2,8,30,0.9
874,10475,21-Sep-09,2,9,31,1.4
875,10475,21-Sep-09,2,10,30,1.1
876,10475,21-Sep-09,2,11,31,1.1
877,10475,21-Sep-09,2,12,30,1.3
878,10475,21-Sep-09,2,13,34,1.2
879,10475,21-Sep-09,2,14,29,1
880,10475,21-Sep-09,2,15,30,1.1
881,10475,21-Sep-09,2,16,29,0.9
882,10475,21-Sep-09,2,17,31,1.2
883,10475,21-Sep-09,2,18,29,0.7
884,10475,21-Sep-09,2,19,31,1.3
885,10475,21-Sep-09,2,20,28,0.9
886,10475,21-Sep-09,3,1,32,1.9
887,10475,21-Sep-09,3,2,31,1.6
888,10475,21-Sep-09,4,1,34,2.6
889,10475,21-Sep-09,4,2,33,2.1
890,10475,21-Sep-09,5,1,40,7.8
891,10475,21-Sep-09,5,2,40,5.1
892,10475,21-Sep-09,5,3,38,4.1
893,10475,21-Sep-09,5,4,37,3.8
894,10475,21-Sep-09,5,5,37,3.4
895,10475,21-Sep-09,5,6,31,1.3
896,10475,21-Sep-09,5,7,31,1.6
897,10475,21-Sep-09,5,8,31,1.8
898,10475,21-Sep-09,5,9,36,2.1
899,10475,21-Sep-09,5,10,31,1.5
900,10475,21-Sep-09,5,11,31,1.7
901,10475,21-Sep-09,5,12,29,1.2
902,10475,21-Sep-09,5,13,28,1.2
903,10475,21-Sep-09,5,14,28,0.8
904,10475,21-Sep-09,5,15,29,1.2
905,10475,21-Sep-09,5,16,28,1
906,10475,21-Sep-09,5,17,29,1
907,10475,21-Sep-09,5,18,30,1.3
908,10475,21-Sep-09,5,19,29,1.1
909,10475,21-Sep-09,5,20,28,0.9
910,10475,21-Sep-09,7,1,37,3.6
911,10475,21-Sep-09,7,2,32,1.3
912,10475,21-Sep-09,7,3,31,1.2
913,10475,21-Sep-09,7,4,31,1.2
914,10475,21-Sep-09,7,5,31,1.5
915,10475,21-Sep-09,7,6,32,1.5
916,10475,21-Sep-09,7,7,30,1.2
917,10475,21-Sep-09,7,8,31,1.1
918,10475,21-Sep-09,7,9,31,1.2
919,10475,21-Sep-09,7,10,28,1.1
920,10475,21-Sep-09,10,1,31,1.7
921,10475,21-Sep-09,10,2,37,3.9
922,10475,21-Sep-09,11,1,37,3.8
923,10475,21-Sep-09,11,2,29,1.1
924,10475,21-Sep-09,11,3,29, na
925,10475,21-Sep-09,11,4,37,3.9
926,10475,21-Sep-09,11,5,31,1.2
927,10475,21-Sep-09,11,6,29,1
928,10475,21-Sep-09,11,7,31,1.2
929,10475,21-Sep-09,11,8,37,4.3
930,10475,21-Sep-09,11,9,38,4.3
931,10475,21-Sep-09,11,10, na, na
932,10475,21-Sep-09,13,1,32, na
933,10475,21-Sep-09,13,2,27,1
934,10475,21-Sep-09,13,3,28,1.2
935,10475,21-Sep-09,13,4,31,1.3
936,10475,21-Sep-09,13,5,29,0.8
937,10475,21-Sep-09,13,6,31,1.7
938,10475,21-Sep-09,13,7,29,0.9
939,10475,21-Sep-09,13,8,31,1.2
940,10475,21-Sep-09,13,9,36,2.8
941,10475,21-Sep-09,13,10,37,3.5
942,10475,21-Sep-09,15,1,31,1.4
943,10475,21-Sep-09,15,2,37,3.6
944,10475,21-Sep-09,16,1,38,4
945,10475,21-Sep-09,16,2,38,3.5
946,10475,21-Sep-09,16,3,31,1.8
947,10475,21-Sep-09,16,4,30,1.2
948,10475,21-Sep-09,16,5,33,1.8
949,10475,21-Sep-09,16,6,30,1.1
950,10475,21-Sep-09,16,7,31,1.1
951,10475,21-Sep-09,16,8,29,1
952,10475,21-Sep-09,16,9,30,0.9
953,10475,21-Sep-09,16,10,30,1
954,10475,21-Sep-09,17,1,37,3.9
955,10475,21-Sep-09,17,2,38,4
956,10475,21-Sep-09,17,3,37,2.9
957,10475,21-Sep-09,17,4,32,1.7
958,10475,21-Sep-09,17,5,33, na
959,10475,21-Sep-09,17,6,34,1.9
960,10475,21-Sep-09,17,7,31,1.2
961,10475,21-Sep-09,17,8,31,1.2
962,10475,21-Sep-09,17,9,29,1.2
963,10475,21-Sep-09,17,10,29,0.8
964,10475,21-Sep-09,17,11,29,0.9
965,10475,21-Sep-09,17,12,29,1
966,10475,21-Sep-09,17,13,28,1
967,10475,21-Sep-09,17,14,29,1.2
968,10475,21-Sep-09,17,15,29,0.4
969,10475,21-Sep-09,17,16,28,0.9
970,10475,21-Sep-09,17,17,28,0.7
971,10475,21-Sep-09,17,18,30,1.4
972,10475,21-Sep-09,17,19, na, na
973,10475,21-Sep-09,17,20, na, na
