Time,Temperature 
m/d/y,C 
 03/08/07 6:28 PM ,23
 03/08/07 7:28 PM ,22
 03/08/07 8:28 PM ,22
 03/08/07 9:28 PM ,22
 03/08/07 10:28 PM ,22
 03/08/07 11:28 PM ,22
 03/09/07 12:28 AM ,22
 03/09/07 1:28 AM ,22
 03/09/07 2:28 AM ,22
 03/09/07 3:28 AM ,22
 03/09/07 4:28 AM ,22
 03/09/07 5:28 AM ,22
 03/09/07 6:28 AM ,22
 03/09/07 7:28 AM ,22
 03/09/07 8:28 AM ,22
 03/09/07 9:28 AM ,22
 03/09/07 10:28 AM ,22
 03/09/07 11:28 AM ,22
 03/09/07 12:28 PM ,22
 03/09/07 1:28 PM ,22
 03/09/07 2:28 PM ,22
 03/09/07 3:28 PM ,22
 03/09/07 4:28 PM ,22
 03/09/07 5:28 PM ,22
 03/09/07 6:28 PM ,22
 03/09/07 7:28 PM ,22
 03/09/07 8:28 PM ,22
 03/09/07 9:28 PM ,22
 03/09/07 10:28 PM ,22
 03/09/07 11:28 PM ,21.5
 03/10/07 12:28 AM ,22
 03/10/07 1:28 AM ,21.5
 03/10/07 2:28 AM ,21.5
 03/10/07 3:28 AM ,21.5
 03/10/07 4:28 AM ,21.5
 03/10/07 5:28 AM ,22
 03/10/07 6:28 AM ,22
 03/10/07 7:28 AM ,22
 03/10/07 8:28 AM ,22
 03/10/07 9:28 AM ,22
 03/10/07 10:28 AM ,22
 03/10/07 11:28 AM ,22
 03/10/07 12:28 PM ,22
 03/10/07 1:28 PM ,22
 03/10/07 2:28 PM ,22
 03/10/07 3:28 PM ,22
 03/10/07 4:28 PM ,22
 03/10/07 5:28 PM ,22
 03/10/07 6:28 PM ,22
 03/10/07 7:28 PM ,22
 03/10/07 8:28 PM ,22
 03/10/07 9:28 PM ,22
 03/10/07 10:28 PM ,22
 03/10/07 11:28 PM ,22
 03/11/07 12:28 AM ,22
 03/11/07 1:28 AM ,22
 03/11/07 3:28 AM ,22
 03/11/07 4:28 AM ,22
 03/11/07 5:28 AM ,22
 03/11/07 6:28 AM ,22
 03/11/07 7:28 AM ,22
 03/11/07 8:28 AM ,22
 03/11/07 9:28 AM ,22
 03/11/07 10:28 AM ,22
 03/11/07 11:28 AM ,22
 03/11/07 12:28 PM ,22
 03/11/07 1:28 PM ,22
 03/11/07 2:28 PM ,22
 03/11/07 3:28 PM ,22
 03/11/07 4:28 PM ,22
 03/11/07 5:28 PM ,22
 03/11/07 6:28 PM ,22
 03/11/07 7:28 PM ,22
 03/11/07 8:28 PM ,22
 03/11/07 9:28 PM ,22
 03/11/07 10:28 PM ,22
 03/11/07 11:28 PM ,22
 03/12/07 12:28 AM ,22
 03/12/07 1:28 AM ,22
 03/12/07 2:28 AM ,22
 03/12/07 3:28 AM ,22
 03/12/07 4:28 AM ,22
 03/12/07 5:28 AM ,22
 03/12/07 6:28 AM ,22
 03/12/07 7:28 AM ,22
 03/12/07 8:28 AM ,22
 03/12/07 9:28 AM ,22
 03/12/07 10:28 AM ,22
 03/12/07 11:28 AM ,22
 03/12/07 12:28 PM ,22
 03/12/07 1:28 PM ,22
 03/12/07 2:28 PM ,22
 03/12/07 3:28 PM ,22
 03/12/07 4:28 PM ,22
 03/12/07 5:28 PM ,22
 03/12/07 6:28 PM ,22
 03/12/07 7:28 PM ,22
 03/12/07 8:28 PM ,22
 03/12/07 9:28 PM ,22
 03/12/07 10:28 PM ,22
 03/12/07 11:28 PM ,22
 03/13/07 12:28 AM ,22
 03/13/07 1:28 AM ,22
 03/13/07 2:28 AM ,21.5
 03/13/07 3:28 AM ,22
 03/13/07 4:28 AM ,22
 03/13/07 5:28 AM ,22
 03/13/07 6:28 AM ,22
 03/13/07 7:28 AM ,22
 03/13/07 8:28 AM ,22
 03/13/07 9:28 AM ,22
 03/13/07 10:28 AM ,22
 03/13/07 11:28 AM ,22
 03/13/07 12:28 PM ,22
 03/13/07 1:28 PM ,22
 03/13/07 2:28 PM ,22
 03/13/07 3:28 PM ,22
 03/13/07 4:28 PM ,21
 03/13/07 5:28 PM ,21.5
 03/13/07 6:28 PM ,21
 03/13/07 7:28 PM ,22
 03/13/07 8:28 PM ,22
 03/13/07 9:28 PM ,22
 03/13/07 10:28 PM ,21.5
 03/13/07 11:28 PM ,21.5
 03/14/07 12:28 AM ,21.5
 03/14/07 1:28 AM ,21.5
 03/14/07 2:28 AM ,21.5
 03/14/07 3:28 AM ,21.5
 03/14/07 4:28 AM ,21
 03/14/07 5:28 AM ,21
 03/14/07 6:28 AM ,20.5
 03/14/07 7:28 AM ,20
 03/14/07 8:28 AM ,19.5
 03/14/07 9:28 AM ,19
 03/14/07 10:28 AM ,21
 03/14/07 11:28 AM ,22.5
 03/14/07 12:28 PM ,23
 03/14/07 1:28 PM ,23
 03/14/07 2:28 PM ,23
 03/14/07 3:28 PM ,23.5
 03/14/07 4:28 PM ,23
 03/14/07 5:28 PM ,23.5
 03/14/07 6:28 PM ,16
 03/14/07 7:28 PM ,11.5
 03/14/07 8:28 PM ,11
 03/14/07 9:28 PM ,11
 03/14/07 10:28 PM ,10.5
 03/14/07 11:28 PM ,10.5
 03/15/07 12:28 AM ,10.5
 03/15/07 1:28 AM ,10.5
 03/15/07 2:28 AM ,10
 03/15/07 3:28 AM ,10
 03/15/07 4:28 AM ,10
 03/15/07 5:28 AM ,9.5
 03/15/07 6:28 AM ,10
 03/15/07 7:28 AM ,9.5
 03/15/07 8:28 AM ,10
 03/15/07 9:28 AM ,11
 03/15/07 10:28 AM ,11.5
 03/15/07 11:28 AM ,12
 03/15/07 12:28 PM ,15
 03/15/07 1:28 PM ,15
 03/15/07 2:28 PM ,15
 03/15/07 3:28 PM ,14.5
 03/15/07 4:28 PM ,14.5
 03/15/07 5:28 PM ,14.5
 03/15/07 6:28 PM ,13.5
 03/15/07 7:28 PM ,13
 03/15/07 8:28 PM ,12.5
 03/15/07 9:28 PM ,12
 03/15/07 10:28 PM ,11.5
 03/15/07 11:28 PM ,11.5
 03/16/07 12:28 AM ,11.5
 03/16/07 1:28 AM ,11.5
 03/16/07 2:28 AM ,11.5
 03/16/07 3:28 AM ,11
 03/16/07 4:28 AM ,11
 03/16/07 5:28 AM ,11
 03/16/07 6:28 AM ,10.5
 03/16/07 7:28 AM ,10.5
 03/16/07 8:28 AM ,11.5
 03/16/07 9:28 AM ,12
 03/16/07 10:28 AM ,12.5
 03/16/07 11:28 AM ,13.5
 03/16/07 12:28 PM ,16
 03/16/07 1:28 PM ,16.5
 03/16/07 2:28 PM ,15.5
 03/16/07 3:28 PM ,16
 03/16/07 4:28 PM ,15.5
 03/16/07 5:28 PM ,15
 03/16/07 6:28 PM ,15
 03/16/07 7:28 PM ,14
 03/16/07 8:28 PM ,13.5
 03/16/07 9:28 PM ,13
 03/16/07 10:28 PM ,12.5
 03/16/07 11:28 PM ,12
 03/17/07 12:28 AM ,12
 03/17/07 1:28 AM ,11.5
 03/17/07 2:28 AM ,11.5
 03/17/07 3:28 AM ,11
 03/17/07 4:28 AM ,11
 03/17/07 5:28 AM ,10.5
 03/17/07 6:28 AM ,10.5
 03/17/07 7:28 AM ,10
 03/17/07 8:28 AM ,10.5
 03/17/07 9:28 AM ,11.5
 03/17/07 10:28 AM ,11.5
 03/17/07 11:28 AM ,12.5
 03/17/07 12:28 PM ,14
 03/17/07 1:28 PM ,15
 03/17/07 2:28 PM ,14.5
 03/17/07 3:28 PM ,14.5
 03/17/07 4:28 PM ,14
 03/17/07 5:28 PM ,13
 03/17/07 6:28 PM ,12.5
 03/17/07 7:28 PM ,12
 03/17/07 8:28 PM ,11
 03/17/07 9:28 PM ,11
 03/17/07 10:28 PM ,10.5
 03/17/07 11:28 PM ,10
 03/18/07 12:28 AM ,10
 03/18/07 1:28 AM ,9.5
 03/18/07 2:28 AM ,9.5
 03/18/07 3:28 AM ,9
 03/18/07 4:28 AM ,9
 03/18/07 5:28 AM ,9
 03/18/07 6:28 AM ,9
 03/18/07 7:28 AM ,8.5
 03/18/07 8:28 AM ,9.5
 03/18/07 9:28 AM ,10
 03/18/07 10:28 AM ,11
 03/18/07 11:28 AM ,11.5
 03/18/07 12:28 PM ,14.5
 03/18/07 1:28 PM ,14.5
 03/18/07 2:28 PM ,14
 03/18/07 3:28 PM ,14
 03/18/07 4:28 PM ,13.5
 03/18/07 5:28 PM ,12.5
 03/18/07 6:28 PM ,12
 03/18/07 7:28 PM ,11.5
 03/18/07 8:28 PM ,11
 03/18/07 9:28 PM ,11
 03/18/07 10:28 PM ,10.5
 03/18/07 11:28 PM ,10.5
 03/19/07 12:28 AM ,10
 03/19/07 1:28 AM ,10
 03/19/07 2:28 AM ,10
 03/19/07 3:28 AM ,10
 03/19/07 4:28 AM ,9.5
 03/19/07 5:28 AM ,9.5
 03/19/07 6:28 AM ,9.5
 03/19/07 7:28 AM ,9.5
 03/19/07 8:28 AM ,10.5
 03/19/07 9:28 AM ,11
 03/19/07 10:28 AM ,11.5
 03/19/07 11:28 AM ,12
 03/19/07 12:28 PM ,13.5
 03/19/07 1:28 PM ,14.5
 03/19/07 2:28 PM ,14
 03/19/07 3:28 PM ,14.5
 03/19/07 4:28 PM ,13.5
 03/19/07 5:28 PM ,14
 03/19/07 6:28 PM ,13
 03/19/07 7:28 PM ,12
 03/19/07 8:28 PM ,11.5
 03/19/07 9:28 PM ,12
 03/19/07 10:28 PM ,11.5
 03/19/07 11:28 PM ,11.5
 03/20/07 12:28 AM ,11.5
 03/20/07 1:28 AM ,11.5
 03/20/07 2:28 AM ,11.5
 03/20/07 3:28 AM ,11.5
 03/20/07 4:28 AM ,11.5
 03/20/07 5:28 AM ,11.5
 03/20/07 6:28 AM ,11.5
 03/20/07 7:28 AM ,11.5
 03/20/07 8:28 AM ,11.5
 03/20/07 9:28 AM ,12
 03/20/07 10:28 AM ,13
 03/20/07 11:28 AM ,13
 03/20/07 12:28 PM ,13
 03/20/07 1:28 PM ,14
 03/20/07 2:28 PM ,14
 03/20/07 3:28 PM ,12.5
 03/20/07 4:28 PM ,12
 03/20/07 5:28 PM ,11.5
 03/20/07 6:28 PM ,10.5
 03/20/07 7:28 PM ,10
 03/20/07 8:28 PM ,9.5
 03/20/07 9:28 PM ,9.5
 03/20/07 10:28 PM ,9
 03/20/07 11:28 PM ,9
 03/21/07 12:28 AM ,9
 03/21/07 1:28 AM ,8.5
 03/21/07 2:28 AM ,8.5
 03/21/07 3:28 AM ,8.5
 03/21/07 4:28 AM ,8.5
 03/21/07 5:28 AM ,8
 03/21/07 6:28 AM ,8
 03/21/07 7:28 AM ,8
 03/21/07 8:28 AM ,8.5
 03/21/07 9:28 AM ,9
 03/21/07 10:28 AM ,9.5
 03/21/07 11:28 AM ,10
 03/21/07 12:28 PM ,12
 03/21/07 1:28 PM ,12
 03/21/07 2:28 PM ,12
 03/21/07 3:28 PM ,12
 03/21/07 4:28 PM ,11.5
 03/21/07 5:28 PM ,11
 03/21/07 6:28 PM ,10.5
 03/21/07 7:28 PM ,10
 03/21/07 8:28 PM ,9.5
 03/21/07 9:28 PM ,9.5
 03/21/07 10:28 PM ,9.5
 03/21/07 11:28 PM ,9.5
 03/22/07 12:28 AM ,9.5
 03/22/07 1:28 AM ,9.5
 03/22/07 2:28 AM ,9.5
 03/22/07 3:28 AM ,9.5
 03/22/07 4:28 AM ,9.5
 03/22/07 5:28 AM ,9.5
 03/22/07 6:28 AM ,9.5
 03/22/07 7:28 AM ,9.5
 03/22/07 8:28 AM ,10
 03/22/07 9:28 AM ,11
 03/22/07 10:28 AM ,11
 03/22/07 11:28 AM ,11.5
 03/22/07 12:28 PM ,13
 03/22/07 1:28 PM ,14
 03/22/07 2:28 PM ,14
 03/22/07 3:28 PM ,13.5
 03/22/07 4:28 PM ,13
 03/22/07 5:28 PM ,12.5
 03/22/07 6:28 PM ,12.5
 03/22/07 7:28 PM ,12
 03/22/07 8:28 PM ,11
 03/22/07 9:28 PM ,11
 03/22/07 10:28 PM ,10.5
 03/22/07 11:28 PM ,10.5
 03/23/07 12:28 AM ,10
 03/23/07 1:28 AM ,10
 03/23/07 2:28 AM ,9.5
 03/23/07 3:28 AM ,9.5
 03/23/07 4:28 AM ,9.5
 03/23/07 5:28 AM ,10
 03/23/07 6:28 AM ,9.5
 03/23/07 7:28 AM ,9.5
 03/23/07 8:28 AM ,10
 03/23/07 9:28 AM ,11
 03/23/07 10:28 AM ,11.5
 03/23/07 11:28 AM ,12.5
 03/23/07 12:28 PM ,14.5
 03/23/07 1:28 PM ,15.5
 03/23/07 2:28 PM ,15
 03/23/07 3:28 PM ,15
 03/23/07 4:28 PM ,14.5
 03/23/07 5:28 PM ,14
 03/23/07 6:28 PM ,14
 03/23/07 7:28 PM ,13
 03/23/07 8:28 PM ,12.5
 03/23/07 9:28 PM ,12
 03/23/07 10:28 PM ,12
 03/23/07 11:28 PM ,11.5
 03/24/07 12:28 AM ,11.5
 03/24/07 1:28 AM ,11
 03/24/07 2:28 AM ,10.5
 03/24/07 3:28 AM ,10.5
 03/24/07 4:28 AM ,10.5
 03/24/07 5:28 AM ,10.5
 03/24/07 6:28 AM ,10
 03/24/07 7:28 AM ,10
 03/24/07 8:28 AM ,10.5
 03/24/07 9:28 AM ,11.5
 03/24/07 10:28 AM ,12
 03/24/07 11:28 AM ,13
 03/24/07 12:28 PM ,14.5
 03/24/07 1:28 PM ,15.5
 03/24/07 2:28 PM ,14
 03/24/07 3:28 PM ,13.5
 03/24/07 4:28 PM ,13
 03/24/07 5:28 PM ,13
 03/24/07 6:28 PM ,12.5
 03/24/07 7:28 PM ,11.5
 03/24/07 8:28 PM ,11.5
 03/24/07 9:28 PM ,11
 03/24/07 10:28 PM ,10.5
 03/24/07 11:28 PM ,10.5
 03/25/07 12:28 AM ,10.5
 03/25/07 1:28 AM ,10.5
 03/25/07 2:28 AM ,10.5
 03/25/07 3:28 AM ,10.5
 03/25/07 4:28 AM ,10.5
 03/25/07 5:28 AM ,11
 03/25/07 6:28 AM ,10.5
 03/25/07 7:28 AM ,10.5
 03/25/07 8:28 AM ,11
 03/25/07 9:28 AM ,12
 03/25/07 10:28 AM ,13
 03/25/07 11:28 AM ,14
 03/25/07 12:28 PM ,15
 03/25/07 1:28 PM ,15
 03/25/07 2:28 PM ,15
 03/25/07 3:28 PM ,15.5
 03/25/07 4:28 PM ,14.5
 03/25/07 5:28 PM ,14
 03/25/07 6:28 PM ,13.5
 03/25/07 7:28 PM ,12.5
 03/25/07 8:28 PM ,12
 03/25/07 9:28 PM ,12
 03/25/07 10:28 PM ,12
 03/25/07 11:28 PM ,12
 03/26/07 12:28 AM ,12
 03/26/07 1:28 AM ,12
 03/26/07 2:28 AM ,12
 03/26/07 3:28 AM ,11
 03/26/07 4:28 AM ,11
 03/26/07 5:28 AM ,11
 03/26/07 6:28 AM ,11
 03/26/07 7:28 AM ,11
 03/26/07 8:28 AM ,12
 03/26/07 9:28 AM ,12.5
 03/26/07 10:28 AM ,13
 03/26/07 11:28 AM ,13.5
 03/26/07 12:28 PM ,13.5
 03/26/07 1:28 PM ,14
 03/26/07 2:28 PM ,13
 03/26/07 3:28 PM ,12
 03/26/07 4:28 PM ,12
 03/26/07 5:28 PM ,12
 03/26/07 6:28 PM ,11.5
 03/26/07 7:28 PM ,10.5
 03/26/07 8:28 PM ,10
 03/26/07 9:28 PM ,10
 03/26/07 10:28 PM ,9.5
 03/26/07 11:28 PM ,9
 03/27/07 12:28 AM ,9
 03/27/07 1:28 AM ,8.5
 03/27/07 2:28 AM ,8
 03/27/07 3:28 AM ,8
 03/27/07 4:28 AM ,7.5
 03/27/07 5:28 AM ,7
 03/27/07 6:28 AM ,7
 03/27/07 7:28 AM ,7
 03/27/07 8:28 AM ,6.5
 03/27/07 9:28 AM ,7
 03/27/07 10:28 AM ,7.5
 03/27/07 11:28 AM ,9
 03/27/07 12:28 PM ,11.5
 03/27/07 1:28 PM ,11
 03/27/07 2:28 PM ,10
 03/27/07 3:28 PM ,9.5
 03/27/07 4:28 PM ,9
 03/27/07 5:28 PM ,9
 03/27/07 6:28 PM ,8.5
 03/27/07 7:28 PM ,8
 03/27/07 8:28 PM ,8
 03/27/07 9:28 PM ,8
 03/27/07 10:28 PM ,7.5
 03/27/07 11:28 PM ,7.5
 03/28/07 12:28 AM ,7.5
 03/28/07 1:28 AM ,7
 03/28/07 2:28 AM ,7
 03/28/07 3:28 AM ,7
 03/28/07 4:28 AM ,6.5
 03/28/07 5:28 AM ,6.5
 03/28/07 6:28 AM ,6.5
 03/28/07 7:28 AM ,6.5
 03/28/07 8:28 AM ,7.5
 03/28/07 9:28 AM ,8
 03/28/07 10:28 AM ,8
 03/28/07 11:28 AM ,10
 03/28/07 12:28 PM ,13
 03/28/07 1:28 PM ,13
 03/28/07 2:28 PM ,11.5
 03/28/07 3:28 PM ,11
 03/28/07 4:28 PM ,10.5
 03/28/07 5:28 PM ,10.5
 03/28/07 6:28 PM ,10
 03/28/07 7:28 PM ,9.5
 03/28/07 8:28 PM ,9
 03/28/07 9:28 PM ,8.5
 03/28/07 10:28 PM ,8.5
 03/28/07 11:28 PM ,8.5
 03/29/07 12:28 AM ,8.5
 03/29/07 1:28 AM ,8.5
 03/29/07 2:28 AM ,8.5
 03/29/07 3:28 AM ,8.5
 03/29/07 4:28 AM ,8
 03/29/07 5:28 AM ,8
 03/29/07 6:28 AM ,8.5
 03/29/07 7:28 AM ,8.5
 03/29/07 8:28 AM ,9
 03/29/07 9:28 AM ,10
 03/29/07 10:28 AM ,10
 03/29/07 11:28 AM ,11.5
 03/29/07 12:28 PM ,15
 03/29/07 1:28 PM ,15
 03/29/07 2:28 PM ,14
 03/29/07 3:28 PM ,13.5
 03/29/07 4:28 PM ,12.5
 03/29/07 5:28 PM ,12.5
 03/29/07 6:28 PM ,11.5
 03/29/07 7:28 PM ,11
 03/29/07 8:28 PM ,10.5
 03/29/07 9:28 PM ,10
 03/29/07 10:28 PM ,10
 03/29/07 11:28 PM ,9.5
 03/30/07 12:28 AM ,9.5
 03/30/07 1:28 AM ,9.5
 03/30/07 2:28 AM ,9.5
 03/30/07 3:28 AM ,9
 03/30/07 4:28 AM ,8.5
 03/30/07 5:28 AM ,8.5
 03/30/07 6:28 AM ,8.5
 03/30/07 7:28 AM ,8.5
 03/30/07 8:28 AM ,9
 03/30/07 9:28 AM ,10
 03/30/07 10:28 AM ,10.5
 03/30/07 11:28 AM ,12
 03/30/07 12:28 PM ,16
 03/30/07 1:28 PM ,15
 03/30/07 2:28 PM ,14.5
 03/30/07 3:28 PM ,14
 03/30/07 4:28 PM ,13.5
 03/30/07 5:28 PM ,13.5
 03/30/07 6:28 PM ,13
 03/30/07 7:28 PM ,12
 03/30/07 8:28 PM ,11.5
 03/30/07 9:28 PM ,11
 03/30/07 10:28 PM ,10.5
 03/30/07 11:28 PM ,10.5
 03/31/07 12:28 AM ,10
 03/31/07 1:28 AM ,10
 03/31/07 2:28 AM ,9.5
 03/31/07 3:28 AM ,9
 03/31/07 4:28 AM ,9
 03/31/07 5:28 AM ,9
 03/31/07 6:28 AM ,9
 03/31/07 7:28 AM ,9
 03/31/07 8:28 AM ,9.5
 03/31/07 9:28 AM ,10.5
 03/31/07 10:28 AM ,11
 03/31/07 11:28 AM ,12
 03/31/07 12:28 PM ,18.5
 03/31/07 1:28 PM ,16
 03/31/07 2:28 PM ,15.5
 03/31/07 3:28 PM ,14.5
 03/31/07 4:28 PM ,13.5
 03/31/07 5:28 PM ,13
 03/31/07 6:28 PM ,12.5
 03/31/07 7:28 PM ,11.5
 03/31/07 8:28 PM ,11
 03/31/07 9:28 PM ,10.5
 03/31/07 10:28 PM ,10.5
 03/31/07 11:28 PM ,10
 04/01/07 12:28 AM ,10
 04/01/07 1:28 AM ,9.5
 04/01/07 2:28 AM ,9.5
 04/01/07 3:28 AM ,9.5
 04/01/07 4:28 AM ,9
 04/01/07 5:28 AM ,9
 04/01/07 6:28 AM ,9
 04/01/07 7:28 AM ,9.5
 04/01/07 8:28 AM ,10
 04/01/07 9:28 AM ,10.5
 04/01/07 10:28 AM ,11.5
 04/01/07 11:28 AM ,12
 04/01/07 12:28 PM ,17.5
 04/01/07 1:28 PM ,15.5
 04/01/07 2:28 PM ,15
 04/01/07 3:28 PM ,14
 04/01/07 4:28 PM ,13
 04/01/07 5:28 PM ,12.5
 04/01/07 6:28 PM ,12
 04/01/07 7:28 PM ,11
 04/01/07 8:28 PM ,10.5
 04/01/07 9:28 PM ,10
 04/01/07 10:28 PM ,9.5
 04/01/07 11:28 PM ,9.5
 04/02/07 12:28 AM ,9.5
 04/02/07 1:28 AM ,9.5
 04/02/07 2:28 AM ,9
 04/02/07 3:28 AM ,9
 04/02/07 4:28 AM ,9
 04/02/07 5:28 AM ,9
 04/02/07 6:28 AM ,8.5
 04/02/07 7:28 AM ,9
 04/02/07 8:28 AM ,9.5
 04/02/07 9:28 AM ,10.5
 04/02/07 10:28 AM ,11
 04/02/07 11:28 AM ,12
 04/02/07 12:28 PM ,17.5
 04/02/07 1:28 PM ,14.5
 04/02/07 2:28 PM ,15
 04/02/07 3:28 PM ,14
 04/02/07 4:28 PM ,13.5
 04/02/07 5:28 PM ,13
 04/02/07 6:28 PM ,12
 04/02/07 7:28 PM ,11
 04/02/07 8:28 PM ,10
 04/02/07 9:28 PM ,10
 04/02/07 10:28 PM ,9.5
 04/02/07 11:28 PM ,9.5
 04/03/07 12:28 AM ,9
 04/03/07 1:28 AM ,9
 04/03/07 2:28 AM ,9
 04/03/07 3:28 AM ,8.5
 04/03/07 4:28 AM ,8.5
 04/03/07 5:28 AM ,8.5
 04/03/07 6:28 AM ,8
 04/03/07 7:28 AM ,8.5
 04/03/07 8:28 AM ,9
 04/03/07 9:28 AM ,10
 04/03/07 10:28 AM ,10.5
 04/03/07 11:28 AM ,11.5
 04/03/07 12:28 PM ,16
 04/03/07 1:28 PM ,14.5
 04/03/07 2:28 PM ,15.5
 04/03/07 3:28 PM ,14.5
 04/03/07 4:28 PM ,14
 04/03/07 5:28 PM ,13.5
 04/03/07 6:28 PM ,13
 04/03/07 7:28 PM ,12
 04/03/07 8:28 PM ,11
 04/03/07 9:28 PM ,10.5
 04/03/07 10:28 PM ,10.5
 04/03/07 11:28 PM ,10
 04/04/07 12:28 AM ,10
 04/04/07 1:28 AM ,10
 04/04/07 2:28 AM ,10
 04/04/07 3:28 AM ,10
 04/04/07 4:28 AM ,10
 04/04/07 5:28 AM ,9.5
 04/04/07 6:28 AM ,9.5
 04/04/07 7:28 AM ,9.5
 04/04/07 8:28 AM ,10.5
 04/04/07 9:28 AM ,11
 04/04/07 10:28 AM ,12.5
 04/04/07 11:28 AM ,13.5
 04/04/07 12:28 PM ,16
 04/04/07 1:28 PM ,15
 04/04/07 2:28 PM ,15
 04/04/07 3:28 PM ,15.5
 04/04/07 4:28 PM ,15.5
 04/04/07 5:28 PM ,14.5
 04/04/07 6:28 PM ,14
 04/04/07 7:28 PM ,13
 04/04/07 8:28 PM ,12.5
 04/04/07 9:28 PM ,12
 04/04/07 10:28 PM ,12
 04/04/07 11:28 PM ,11.5
 04/05/07 12:28 AM ,11.5
 04/05/07 1:28 AM ,11
 04/05/07 2:28 AM ,11
 04/05/07 3:28 AM ,11
 04/05/07 4:28 AM ,10.5
 04/05/07 5:28 AM ,10.5
 04/05/07 6:28 AM ,10.5
 04/05/07 7:28 AM ,10.5
 04/05/07 8:28 AM ,11
 04/05/07 9:28 AM ,12
 04/05/07 10:28 AM ,12.5
 04/05/07 11:28 AM ,13.5
 04/05/07 12:28 PM ,17.5
 04/05/07 1:28 PM ,16.5
 04/05/07 2:28 PM ,17.5
 04/05/07 3:28 PM ,16.5
 04/05/07 4:28 PM ,16.5
 04/05/07 5:28 PM ,15.5
 04/05/07 6:28 PM ,15
 04/05/07 7:28 PM ,13.5
 04/05/07 8:28 PM ,12.5
 04/05/07 9:28 PM ,12
 04/05/07 10:28 PM ,12
 04/05/07 11:28 PM ,11.5
 04/06/07 12:28 AM ,11
 04/06/07 1:28 AM ,11
 04/06/07 2:28 AM ,10.5
 04/06/07 3:28 AM ,10.5
 04/06/07 4:28 AM ,10.5
 04/06/07 5:28 AM ,10
 04/06/07 6:28 AM ,10
 04/06/07 7:28 AM ,10
 04/06/07 8:28 AM ,10.5
 04/06/07 9:28 AM ,11.5
 04/06/07 10:28 AM ,12
 04/06/07 11:28 AM ,12.5
 04/06/07 12:28 PM ,17
 04/06/07 1:28 PM ,14
 04/06/07 2:28 PM ,15.5
 04/06/07 3:28 PM ,14.5
 04/06/07 4:28 PM ,14
 04/06/07 5:28 PM ,13.5
 04/06/07 6:28 PM ,13
 04/06/07 7:28 PM ,13
 04/06/07 8:28 PM ,12.5
 04/06/07 9:28 PM ,12.5
 04/06/07 10:28 PM ,12
 04/06/07 11:28 PM ,12
 04/07/07 12:28 AM ,11.5
 04/07/07 1:28 AM ,11.5
 04/07/07 2:28 AM ,11.5
 04/07/07 3:28 AM ,11.5
 04/07/07 4:28 AM ,11.5
 04/07/07 5:28 AM ,11.5
 04/07/07 6:28 AM ,12
 04/07/07 7:28 AM ,12
 04/07/07 8:28 AM ,12.5
 04/07/07 9:28 AM ,13
 04/07/07 10:28 AM ,14
 04/07/07 11:28 AM ,15
 04/07/07 12:28 PM ,17.5
 04/07/07 1:28 PM ,15.5
 04/07/07 2:28 PM ,17
 04/07/07 3:28 PM ,16
 04/07/07 4:28 PM ,15.5
 04/07/07 5:28 PM ,15
 04/07/07 6:28 PM ,14
 04/07/07 7:28 PM ,12
 04/07/07 8:28 PM ,11.5
 04/07/07 9:28 PM ,11
 04/07/07 10:28 PM ,10.5
 04/07/07 11:28 PM ,10
 04/08/07 12:28 AM ,10.5
 04/08/07 1:28 AM ,10.5
 04/08/07 2:28 AM ,10.5
 04/08/07 3:28 AM ,10
 04/08/07 4:28 AM ,10
 04/08/07 5:28 AM ,10.5
 04/08/07 6:28 AM ,10.5
 04/08/07 7:28 AM ,10.5
 04/08/07 8:28 AM ,11.5
 04/08/07 9:28 AM ,13
 04/08/07 10:28 AM ,14
 04/08/07 11:28 AM ,15.5
 04/08/07 12:28 PM ,22
 04/08/07 1:28 PM ,20.5
 04/08/07 2:28 PM ,18
 04/08/07 3:28 PM ,17
 04/08/07 4:28 PM ,15.5
 04/08/07 5:28 PM ,15
 04/08/07 6:28 PM ,13.5
 04/08/07 7:28 PM ,12
 04/08/07 8:28 PM ,11.5
 04/08/07 9:28 PM ,11
 04/08/07 10:28 PM ,11.5
 04/08/07 11:28 PM ,11.5
 04/09/07 12:28 AM ,11.5
 04/09/07 1:28 AM ,12
 04/09/07 2:28 AM ,12
 04/09/07 3:28 AM ,11.5
 04/09/07 4:28 AM ,10.5
 04/09/07 5:28 AM ,10.5
 04/09/07 6:28 AM ,11
 04/09/07 7:28 AM ,10.5
 04/09/07 8:28 AM ,12
 04/09/07 9:28 AM ,13
 04/09/07 10:28 AM ,14
 04/09/07 11:28 AM ,15.5
 04/09/07 12:28 PM ,22
 04/09/07 1:28 PM ,20
 04/09/07 2:28 PM ,16.5
 04/09/07 3:28 PM ,15
 04/09/07 4:28 PM ,14
 04/09/07 5:28 PM ,13
 04/09/07 6:28 PM ,12
 04/09/07 7:28 PM ,11
 04/09/07 8:28 PM ,10.5
 04/09/07 9:28 PM ,9.5
 04/09/07 10:28 PM ,9.5
 04/09/07 11:28 PM ,9
 04/10/07 12:28 AM ,9
 04/10/07 1:28 AM ,8.5
 04/10/07 2:28 AM ,8.5
 04/10/07 3:28 AM ,8
 04/10/07 4:28 AM ,8
 04/10/07 5:28 AM ,8
 04/10/07 6:28 AM ,7.5
 04/10/07 7:28 AM ,9
 04/10/07 8:28 AM ,10.5
 04/10/07 9:28 AM ,11.5
 04/10/07 10:28 AM ,13.5
 04/10/07 11:28 AM ,15
 04/10/07 12:28 PM ,23.5
 04/10/07 1:28 PM ,21.5
 04/10/07 2:28 PM ,18
 04/10/07 3:28 PM ,16
 04/10/07 4:28 PM ,15
 04/10/07 5:28 PM ,14
 04/10/07 6:28 PM ,14
 04/10/07 7:28 PM ,12.5
 04/10/07 8:28 PM ,11.5
 04/10/07 9:28 PM ,11.5
 04/10/07 10:28 PM ,11.5
 04/10/07 11:28 PM ,11
 04/11/07 12:28 AM ,11
 04/11/07 1:28 AM ,11
 04/11/07 2:28 AM ,10
 04/11/07 3:28 AM ,10.5
 04/11/07 4:28 AM ,10.5
 04/11/07 5:28 AM ,10.5
 04/11/07 6:28 AM ,10.5
 04/11/07 7:28 AM ,11
 04/11/07 8:28 AM ,12.5
 04/11/07 9:28 AM ,13
 04/11/07 10:28 AM ,14
 04/11/07 11:28 AM ,16
 04/11/07 12:28 PM ,17.5
 04/11/07 1:28 PM ,17
 04/11/07 2:28 PM ,14.5
 04/11/07 3:28 PM ,13.5
 04/11/07 4:28 PM ,13
 04/11/07 5:28 PM ,11.5
 04/11/07 6:28 PM ,11
 04/11/07 7:28 PM ,10
 04/11/07 8:28 PM ,9.5
 04/11/07 9:28 PM ,9
 04/11/07 10:28 PM ,9
 04/11/07 11:28 PM ,9
 04/12/07 12:28 AM ,9
 04/12/07 1:28 AM ,8.5
 04/12/07 2:28 AM ,8.5
 04/12/07 3:28 AM ,8
 04/12/07 4:28 AM ,7.5
 04/12/07 5:28 AM ,7
 04/12/07 6:28 AM ,6.5
 04/12/07 7:28 AM ,7.5
 04/12/07 8:28 AM ,8.5
 04/12/07 9:28 AM ,9.5
 04/12/07 10:28 AM ,12
 04/12/07 11:28 AM ,14.5
 04/12/07 12:28 PM ,19.5
 04/12/07 1:28 PM ,16.5
 04/12/07 2:28 PM ,15
 04/12/07 3:28 PM ,13.5
 04/12/07 4:28 PM ,13
 04/12/07 5:28 PM ,11.5
 04/12/07 6:28 PM ,10.5
 04/12/07 7:28 PM ,10
 04/12/07 8:28 PM ,9.5
 04/12/07 9:28 PM ,9.5
 04/12/07 10:28 PM ,9
 04/12/07 11:28 PM ,8.5
 04/13/07 12:28 AM ,8.5
 04/13/07 1:28 AM ,8.5
 04/13/07 2:28 AM ,8
 04/13/07 3:28 AM ,8
 04/13/07 4:28 AM ,8
 04/13/07 5:28 AM ,7.5
 04/13/07 6:28 AM ,7.5
 04/13/07 7:28 AM ,8.5
 04/13/07 8:28 AM ,10.5
 04/13/07 9:28 AM ,12
 04/13/07 10:28 AM ,14.5
 04/13/07 11:28 AM ,16.5
 04/13/07 12:28 PM ,22.5
 04/13/07 1:28 PM ,21
 04/13/07 2:28 PM ,19
 04/13/07 3:28 PM ,16
 04/13/07 4:28 PM ,15.5
 04/13/07 5:28 PM ,15
 04/13/07 6:28 PM ,13
 04/13/07 7:28 PM ,11.5
 04/13/07 8:28 PM ,11
 04/13/07 9:28 PM ,10.5
 04/13/07 10:28 PM ,10.5
 04/13/07 11:28 PM ,10
 04/14/07 12:28 AM ,10
 04/14/07 1:28 AM ,11
 04/14/07 2:28 AM ,11
 04/14/07 3:28 AM ,11
 04/14/07 4:28 AM ,11
 04/14/07 5:28 AM ,11
 04/14/07 6:28 AM ,11
 04/14/07 7:28 AM ,11
 04/14/07 8:28 AM ,11.5
 04/14/07 9:28 AM ,11.5
 04/14/07 10:28 AM ,11.5
 04/14/07 11:28 AM ,12.5
 04/14/07 12:28 PM ,13
 04/14/07 1:28 PM ,15
 04/14/07 2:28 PM ,15
 04/14/07 3:28 PM ,14
 04/14/07 4:28 PM ,13.5
 04/14/07 5:28 PM ,11
 04/14/07 6:28 PM ,10.5
 04/14/07 7:28 PM ,9.5
 04/14/07 8:28 PM ,9.5
 04/14/07 9:28 PM ,9
 04/14/07 10:28 PM ,9
 04/14/07 11:28 PM ,9
 04/15/07 12:28 AM ,8.5
 04/15/07 1:28 AM ,8.5
 04/15/07 2:28 AM ,8
 04/15/07 3:28 AM ,8
 04/15/07 4:28 AM ,8
 04/15/07 5:28 AM ,7.5
 04/15/07 6:28 AM ,7.5
 04/15/07 7:28 AM ,8
 04/15/07 8:28 AM ,9
 04/15/07 9:28 AM ,10.5
 04/15/07 10:28 AM ,13.5
 04/15/07 11:28 AM ,17.5
 04/15/07 12:28 PM ,19.5
 04/15/07 1:28 PM ,17.5
 04/15/07 2:28 PM ,16.5
 04/15/07 3:28 PM ,14.5
 04/15/07 4:28 PM ,13.5
 04/15/07 5:28 PM ,13
 04/15/07 6:28 PM ,12
 04/15/07 7:28 PM ,11.5
 04/15/07 8:28 PM ,10.5
 04/15/07 9:28 PM ,10
 04/15/07 10:28 PM ,10
 04/15/07 11:28 PM ,9.5
 04/16/07 12:28 AM ,9.5
 04/16/07 1:28 AM ,10
 04/16/07 2:28 AM ,9.5
 04/16/07 3:28 AM ,9.5
 04/16/07 4:28 AM ,9.5
 04/16/07 5:28 AM ,9
 04/16/07 6:28 AM ,9
 04/16/07 7:28 AM ,9.5
 04/16/07 8:28 AM ,11.5
 04/16/07 9:28 AM ,12.5
 04/16/07 10:28 AM ,15.5
 04/16/07 11:28 AM ,19.5
 04/16/07 12:28 PM ,25
 04/16/07 1:28 PM ,21.5
 04/16/07 2:28 PM ,20
 04/16/07 3:28 PM ,17.5
 04/16/07 4:28 PM ,16.5
 04/16/07 5:28 PM ,15.5
 04/16/07 6:28 PM ,14
 04/16/07 7:28 PM ,12.5
 04/16/07 8:28 PM ,12
 04/16/07 9:28 PM ,11.5
 04/16/07 10:28 PM ,11
 04/16/07 11:28 PM ,11
 04/17/07 12:28 AM ,10.5
 04/17/07 1:28 AM ,11
 04/17/07 2:28 AM ,10.5
 04/17/07 3:28 AM ,11
 04/17/07 4:28 AM ,11
 04/17/07 5:28 AM ,10.5
 04/17/07 6:28 AM ,10.5
 04/17/07 7:28 AM ,11
 04/17/07 8:28 AM ,11.5
 04/17/07 9:28 AM ,12
 04/17/07 10:28 AM ,15
 04/17/07 11:28 AM ,19.5
 04/17/07 12:28 PM ,21.5
 04/17/07 1:28 PM ,20.5
 04/17/07 2:28 PM ,16
 04/17/07 3:28 PM ,14
 04/17/07 4:28 PM ,13
 04/17/07 5:28 PM ,12
 04/17/07 6:28 PM ,9.5
 04/17/07 7:28 PM ,9
 04/17/07 8:28 PM ,8.5
 04/17/07 9:28 PM ,8
 04/17/07 10:28 PM ,8
 04/17/07 11:28 PM ,8
 04/18/07 12:28 AM ,7.5
 04/18/07 1:28 AM ,7.5
 04/18/07 2:28 AM ,7.5
 04/18/07 3:28 AM ,7.5
 04/18/07 4:28 AM ,7
 04/18/07 5:28 AM ,7
 04/18/07 6:28 AM ,6.5
 04/18/07 7:28 AM ,7.5
 04/18/07 8:28 AM ,8.5
 04/18/07 9:28 AM ,9.5
 04/18/07 10:28 AM ,14
 04/18/07 11:28 AM ,19.5
 04/18/07 12:28 PM ,23
 04/18/07 1:28 PM ,18
 04/18/07 2:28 PM ,16
 04/18/07 3:28 PM ,13.5
 04/18/07 4:28 PM ,12.5
 04/18/07 5:28 PM ,11.5
 04/18/07 6:28 PM ,10.5
 04/18/07 7:28 PM ,9
 04/18/07 8:28 PM ,8.5
 04/18/07 9:28 PM ,8
 04/18/07 10:28 PM ,8
 04/18/07 11:28 PM ,7.5
 04/19/07 12:28 AM ,7
 04/19/07 1:28 AM ,7
 04/19/07 2:28 AM ,7
 04/19/07 3:28 AM ,7
 04/19/07 4:28 AM ,7
 04/19/07 5:28 AM ,7
 04/19/07 6:28 AM ,7.5
 04/19/07 7:28 AM ,8.5
 04/19/07 8:28 AM ,10
 04/19/07 9:28 AM ,10.5
 04/19/07 10:28 AM ,13.5
 04/19/07 11:28 AM ,13.5
 04/19/07 12:28 PM ,15.5
 04/19/07 1:28 PM ,17
 04/19/07 2:28 PM ,15.5
 04/19/07 3:28 PM ,15
 04/19/07 4:28 PM ,13
 04/19/07 5:28 PM ,11.5
 04/19/07 6:28 PM ,10.5
 04/19/07 7:28 PM ,9.5
 04/19/07 8:28 PM ,9
 04/19/07 9:28 PM ,9
 04/19/07 10:28 PM ,9
 04/19/07 11:28 PM ,9
 04/20/07 12:28 AM ,9
 04/20/07 1:28 AM ,9
 04/20/07 2:28 AM ,9
 04/20/07 3:28 AM ,9
 04/20/07 4:28 AM ,9
 04/20/07 5:28 AM ,9
 04/20/07 6:28 AM ,9
 04/20/07 7:28 AM ,9.5
 04/20/07 8:28 AM ,10.5
 04/20/07 9:28 AM ,11
 04/20/07 10:28 AM ,15.5
 04/20/07 11:28 AM ,18.5
 04/20/07 12:28 PM ,19
 04/20/07 1:28 PM ,16.5
 04/20/07 2:28 PM ,16.5
 04/20/07 3:28 PM ,15
 04/20/07 4:28 PM ,13.5
 04/20/07 5:28 PM ,12.5
 04/20/07 6:28 PM ,12
 04/20/07 7:28 PM ,11
 04/20/07 8:28 PM ,10
 04/20/07 9:28 PM ,10
 04/20/07 10:28 PM ,9.5
 04/20/07 11:28 PM ,9.5
 04/21/07 12:28 AM ,9
 04/21/07 1:28 AM ,9
 04/21/07 2:28 AM ,8.5
 04/21/07 3:28 AM ,8.5
 04/21/07 4:28 AM ,8.5
 04/21/07 5:28 AM ,8.5
 04/21/07 6:28 AM ,8.5
 04/21/07 7:28 AM ,9.5
 04/21/07 8:28 AM ,11
 04/21/07 9:28 AM ,12.5
 04/21/07 10:28 AM ,13.5
 04/21/07 11:28 AM ,13.5
 04/21/07 12:28 PM ,13.5
 04/21/07 1:28 PM ,13
 04/21/07 2:28 PM ,12.5
 04/21/07 3:28 PM ,13.5
 04/21/07 4:28 PM ,12
 04/21/07 5:28 PM ,11.5
 04/21/07 6:28 PM ,11
 04/21/07 7:28 PM ,10.5
 04/21/07 8:28 PM ,10
 04/21/07 9:28 PM ,10
 04/21/07 10:28 PM ,9.5
 04/21/07 11:28 PM ,9.5
 04/22/07 12:28 AM ,9.5
 04/22/07 1:28 AM ,10
 04/22/07 2:28 AM ,10
 04/22/07 3:28 AM ,10
 04/22/07 4:28 AM ,10
 04/22/07 5:28 AM ,9
 04/22/07 6:28 AM ,9
 04/22/07 7:28 AM ,9.5
 04/22/07 8:28 AM ,11.5
 04/22/07 9:28 AM ,12.5
 04/22/07 10:28 AM ,15.5
 04/22/07 11:28 AM ,17.5
 04/22/07 12:28 PM ,17
 04/22/07 1:28 PM ,17
 04/22/07 2:28 PM ,15.5
 04/22/07 3:28 PM ,15
 04/22/07 4:28 PM ,14
 04/22/07 5:28 PM ,13
 04/22/07 6:28 PM ,12
 04/22/07 7:28 PM ,11
 04/22/07 8:28 PM ,10.5
 04/22/07 9:28 PM ,10
 04/22/07 10:28 PM ,10
 04/22/07 11:28 PM ,9.5
 04/23/07 12:28 AM ,9.5
 04/23/07 1:28 AM ,9
 04/23/07 2:28 AM ,9
 04/23/07 3:28 AM ,9
 04/23/07 4:28 AM ,8.5
 04/23/07 5:28 AM ,8.5
 04/23/07 6:28 AM ,8
 04/23/07 7:28 AM ,9
 04/23/07 8:28 AM ,10.5
 04/23/07 9:28 AM ,12
 04/23/07 10:28 AM ,17.5
 04/23/07 11:28 AM ,20
 04/23/07 12:28 PM ,21.5
 04/23/07 1:28 PM ,18.5
 04/23/07 2:28 PM ,18.5
 04/23/07 3:28 PM ,16.5
 04/23/07 4:28 PM ,15.5
 04/23/07 5:28 PM ,14.5
 04/23/07 6:28 PM ,14
 04/23/07 7:28 PM ,12.5
 04/23/07 8:28 PM ,11.5
 04/23/07 9:28 PM ,11
 04/23/07 10:28 PM ,10.5
 04/23/07 11:28 PM ,10.5
 04/24/07 12:28 AM ,10
 04/24/07 1:28 AM ,10
 04/24/07 2:28 AM ,9.5
 04/24/07 3:28 AM ,9.5
 04/24/07 4:28 AM ,9
 04/24/07 5:28 AM ,9
 04/24/07 6:28 AM ,9
 04/24/07 7:28 AM ,10
 04/24/07 8:28 AM ,11
 04/24/07 9:28 AM ,12
 04/24/07 10:28 AM ,17.5
 04/24/07 11:28 AM ,23
 04/24/07 12:28 PM ,24.5
 04/24/07 1:28 PM ,20.5
 04/24/07 2:28 PM ,20
 04/24/07 3:28 PM ,17.5
 04/24/07 4:28 PM ,16.5
 04/24/07 5:28 PM ,15.5
 04/24/07 6:28 PM ,14.5
 04/24/07 7:28 PM ,13
 04/24/07 8:28 PM ,12.5
 04/24/07 9:28 PM ,12
 04/24/07 10:28 PM ,11.5
 04/24/07 11:28 PM ,11.5
 04/25/07 12:28 AM ,11
 04/25/07 1:28 AM ,10.5
 04/25/07 2:28 AM ,10.5
 04/25/07 3:28 AM ,10
 04/25/07 4:28 AM ,10
 04/25/07 5:28 AM ,9.5
 04/25/07 6:28 AM ,9.5
 04/25/07 7:28 AM ,10.5
 04/25/07 8:28 AM ,12
 04/25/07 9:28 AM ,12.5
 04/25/07 10:28 AM ,18
 04/25/07 11:28 AM ,21.5
 04/25/07 12:28 PM ,22
 04/25/07 1:28 PM ,19.5
 04/25/07 2:28 PM ,19.5
 04/25/07 3:28 PM ,18
 04/25/07 4:28 PM ,17.5
 04/25/07 5:28 PM ,15.5
 04/25/07 6:28 PM ,14.5
 04/25/07 7:28 PM ,12
 04/25/07 8:28 PM ,11.5
 04/25/07 9:28 PM ,11
 04/25/07 10:28 PM ,11
 04/25/07 11:28 PM ,10.5
 04/26/07 12:28 AM ,10.5
 04/26/07 1:28 AM ,10
 04/26/07 2:28 AM ,10
 04/26/07 3:28 AM ,10
 04/26/07 4:28 AM ,10
 04/26/07 5:28 AM ,9.5
 04/26/07 6:28 AM ,9.5
 04/26/07 7:28 AM ,10.5
 04/26/07 8:28 AM ,12
 04/26/07 9:28 AM ,13
 04/26/07 10:28 AM ,18.5
 04/26/07 11:28 AM ,26.5
 04/26/07 12:28 PM ,27
 04/26/07 1:28 PM ,22
 04/26/07 2:28 PM ,21.5
 04/26/07 3:28 PM ,19
 04/26/07 4:28 PM ,18
 04/26/07 5:28 PM ,17
 04/26/07 6:28 PM ,16
 04/26/07 7:28 PM ,14
 04/26/07 8:28 PM ,13
 04/26/07 9:28 PM ,13
 04/26/07 10:28 PM ,12.5
 04/26/07 11:28 PM ,12
 04/27/07 12:28 AM ,12
 04/27/07 1:28 AM ,12
 04/27/07 2:28 AM ,11.5
 04/27/07 3:28 AM ,11.5
 04/27/07 4:28 AM ,11.5
 04/27/07 5:28 AM ,11.5
 04/27/07 6:28 AM ,11
 04/27/07 7:28 AM ,12.5
 04/27/07 8:28 AM ,14
 04/27/07 9:28 AM ,15.5
 04/27/07 10:28 AM ,22
 04/27/07 11:28 AM ,30
 04/27/07 12:28 PM ,29.5
 04/27/07 1:28 PM ,24.5
 04/27/07 2:28 PM ,24
 04/27/07 3:28 PM ,22
 04/27/07 4:28 PM ,21
 04/27/07 5:28 PM ,20
 04/27/07 6:28 PM ,18.5
 04/27/07 7:28 PM ,17
 04/27/07 8:28 PM ,16
 04/27/07 9:28 PM ,15
 04/27/07 10:28 PM ,14.5
 04/27/07 11:28 PM ,14
 04/28/07 12:28 AM ,14
 04/28/07 1:28 AM ,14
 04/28/07 2:28 AM ,13.5
 04/28/07 3:28 AM ,13.5
 04/28/07 4:28 AM ,13.5
 04/28/07 5:28 AM ,13
 04/28/07 6:28 AM ,13
 04/28/07 7:28 AM ,14
 04/28/07 8:28 AM ,16
 04/28/07 9:28 AM ,17
 04/28/07 10:28 AM ,23.5
 04/28/07 11:28 AM ,30.5
 04/28/07 12:28 PM ,30.5
 04/28/07 1:28 PM ,26
 04/28/07 2:28 PM ,24.5
 04/28/07 3:28 PM ,22
 04/28/07 4:28 PM ,21
 04/28/07 5:28 PM ,19.5
 04/28/07 6:28 PM ,18.5
 04/28/07 7:28 PM ,16.5
 04/28/07 8:28 PM ,15.5
 04/28/07 9:28 PM ,15
 04/28/07 10:28 PM ,14.5
 04/28/07 11:28 PM ,14
 04/29/07 12:28 AM ,13.5
 04/29/07 1:28 AM ,13
 04/29/07 2:28 AM ,12.5
 04/29/07 3:28 AM ,12.5
 04/29/07 4:28 AM ,12
 04/29/07 5:28 AM ,11.5
 04/29/07 6:28 AM ,12
 04/29/07 7:28 AM ,12.5
 04/29/07 8:28 AM ,13
 04/29/07 9:28 AM ,15
 04/29/07 10:28 AM ,19.5
 04/29/07 11:28 AM ,27.5
 04/29/07 12:28 PM ,28
 04/29/07 1:28 PM ,23.5
 04/29/07 2:28 PM ,22
 04/29/07 3:28 PM ,20
 04/29/07 4:28 PM ,19
 04/29/07 5:28 PM ,17.5
 04/29/07 6:28 PM ,17
 04/29/07 7:28 PM ,15.5
 04/29/07 8:28 PM ,14
 04/29/07 9:28 PM ,13.5
 04/29/07 10:28 PM ,13
 04/29/07 11:28 PM ,13
 04/30/07 12:28 AM ,12.5
 04/30/07 1:28 AM ,12.5
 04/30/07 2:28 AM ,12.5
 04/30/07 3:28 AM ,12
 04/30/07 4:28 AM ,12
 04/30/07 5:28 AM ,11.5
 04/30/07 6:28 AM ,11.5
 04/30/07 7:28 AM ,12.5
 04/30/07 8:28 AM ,13.5
 04/30/07 9:28 AM ,15.5
 04/30/07 10:28 AM ,23.5
 04/30/07 11:28 AM ,31
 04/30/07 12:28 PM ,31
 04/30/07 1:28 PM ,24
 04/30/07 2:28 PM ,22.5
 04/30/07 3:28 PM ,19.5
 04/30/07 4:28 PM ,18.5
 04/30/07 5:28 PM ,17
 04/30/07 6:28 PM ,16
 04/30/07 7:28 PM ,14.5
 04/30/07 8:28 PM ,13.5
 04/30/07 9:28 PM ,13
 04/30/07 10:28 PM ,12.5
 04/30/07 11:28 PM ,12
 05/01/07 12:28 AM ,11.5
 05/01/07 1:28 AM ,10.5
 05/01/07 2:28 AM ,10.5
 05/01/07 3:28 AM ,10.5
 05/01/07 4:28 AM ,10
 05/01/07 5:28 AM ,10
 05/01/07 6:28 AM ,10
 05/01/07 7:28 AM ,11
 05/01/07 8:28 AM ,12.5
 05/01/07 9:28 AM ,14
 05/01/07 10:28 AM ,21
 05/01/07 11:28 AM ,22
 05/01/07 12:28 PM ,22
 05/01/07 1:28 PM ,22
 05/01/07 2:28 PM ,21.5
 05/01/07 3:28 PM ,20
 05/01/07 4:28 PM ,18.5
 05/01/07 5:28 PM ,18
 05/01/07 6:28 PM ,17
 05/01/07 7:28 PM ,15.5
 05/01/07 8:28 PM ,14.5
 05/01/07 9:28 PM ,14.5
 05/01/07 10:28 PM ,14
 05/01/07 11:28 PM ,14
 05/02/07 12:28 AM ,13.5
 05/02/07 1:28 AM ,13.5
 05/02/07 2:28 AM ,13.5
 05/02/07 3:28 AM ,13.5
 05/02/07 4:28 AM ,13.5
 05/02/07 5:28 AM ,13
 05/02/07 6:28 AM ,13
 05/02/07 7:28 AM ,13.5
 05/02/07 8:28 AM ,14
 05/02/07 9:28 AM ,15.5
 05/02/07 10:28 AM ,21
 05/02/07 11:28 AM ,21.5
 05/02/07 12:28 PM ,20
 05/02/07 1:28 PM ,19
 05/02/07 2:28 PM ,19
 05/02/07 3:28 PM ,17
 05/02/07 4:28 PM ,15.5
 05/02/07 5:28 PM ,14.5
 05/02/07 6:28 PM ,13
 05/02/07 7:28 PM ,12
 05/02/07 8:28 PM ,11.5
 05/02/07 9:28 PM ,11
 05/02/07 10:28 PM ,11
 05/02/07 11:28 PM ,11
 05/03/07 12:28 AM ,10.5
 05/03/07 1:28 AM ,10
 05/03/07 2:28 AM ,10
 05/03/07 3:28 AM ,10
 05/03/07 4:28 AM ,10
 05/03/07 5:28 AM ,9.5
 05/03/07 6:28 AM ,9.5
 05/03/07 7:28 AM ,10.5
 05/03/07 8:28 AM ,12
 05/03/07 9:28 AM ,14
 05/03/07 10:28 AM ,17
 05/03/07 11:28 AM ,18
 05/03/07 12:28 PM ,18.5
 05/03/07 1:28 PM ,18.5
 05/03/07 2:28 PM ,19.5
 05/03/07 3:28 PM ,17
 05/03/07 4:28 PM ,16.5
 05/03/07 5:28 PM ,15
 05/03/07 6:28 PM ,13
 05/03/07 7:28 PM ,12
 05/03/07 8:28 PM ,11.5
 05/03/07 9:28 PM ,11
 05/03/07 10:28 PM ,11
 05/03/07 11:28 PM ,11
 05/04/07 12:28 AM ,11
 05/04/07 1:28 AM ,11
 05/04/07 2:28 AM ,11.5
 05/04/07 3:28 AM ,11.5
 05/04/07 4:28 AM ,11.5
 05/04/07 5:28 AM ,11.5
 05/04/07 6:28 AM ,11
 05/04/07 7:28 AM ,11
 05/04/07 8:28 AM ,11.5
 05/04/07 9:28 AM ,13.5
 05/04/07 10:28 AM ,15.5
 05/04/07 11:28 AM ,16.5
 05/04/07 12:28 PM ,19.5
 05/04/07 1:28 PM ,18
 05/04/07 2:28 PM ,17.5
 05/04/07 3:28 PM ,15.5
 05/04/07 4:28 PM ,14.5
 05/04/07 5:28 PM ,13
 05/04/07 6:28 PM ,12.5
 05/04/07 7:28 PM ,12
 05/04/07 8:28 PM ,11
 05/04/07 9:28 PM ,11
 05/04/07 10:28 PM ,10.5
 05/04/07 11:28 PM ,10
 05/05/07 12:28 AM ,10
 05/05/07 1:28 AM ,10
 05/05/07 2:28 AM ,10
 05/05/07 3:28 AM ,9.5
 05/05/07 4:28 AM ,9.5
 05/05/07 5:28 AM ,9.5
 05/05/07 6:28 AM ,9.5
 05/05/07 7:28 AM ,10.5
 05/05/07 8:28 AM ,12
 05/05/07 9:28 AM ,14
 05/05/07 10:28 AM ,21
 05/05/07 11:28 AM ,22.5
 05/05/07 12:28 PM ,23.5
 05/05/07 1:28 PM ,19
 05/05/07 2:28 PM ,20
 05/05/07 3:28 PM ,18
 05/05/07 4:28 PM ,16
 05/05/07 5:28 PM ,15
 05/05/07 6:28 PM ,14.5
 05/05/07 7:28 PM ,13.5
 05/05/07 8:28 PM ,13
 05/05/07 9:28 PM ,12.5
 05/05/07 10:28 PM ,12
 05/05/07 11:28 PM ,12
 05/06/07 12:28 AM ,12
 05/06/07 1:28 AM ,12
 05/06/07 2:28 AM ,11.5
 05/06/07 3:28 AM ,12
 05/06/07 4:28 AM ,12
 05/06/07 5:28 AM ,12
 05/06/07 6:28 AM ,12
 05/06/07 7:28 AM ,13.5
 05/06/07 8:28 AM ,15.5
 05/06/07 9:28 AM ,17.5
 05/06/07 10:28 AM ,27
 05/06/07 11:28 AM ,32
 05/06/07 12:28 PM ,31
 05/06/07 1:28 PM ,25.5
 05/06/07 2:28 PM ,24.5
 05/06/07 3:28 PM ,22
 05/06/07 4:28 PM ,21
 05/06/07 5:28 PM ,20
 05/06/07 6:28 PM ,19
 05/06/07 7:28 PM ,18
 05/06/07 8:28 PM ,17
 05/06/07 9:28 PM ,16.5
 05/06/07 10:28 PM ,16.5
 05/06/07 11:28 PM ,16.5
 05/07/07 12:28 AM ,16.5
 05/07/07 1:28 AM ,16.5
 05/07/07 2:28 AM ,16.5
 05/07/07 3:28 AM ,17
 05/07/07 4:28 AM ,16.5
 05/07/07 5:28 AM ,15.5
 05/07/07 6:28 AM ,15.5
 05/07/07 7:28 AM ,16.5
 05/07/07 8:28 AM ,18.5
 05/07/07 9:28 AM ,21
 05/07/07 10:28 AM ,31.5
 05/07/07 11:28 AM ,36
 05/07/07 12:28 PM ,35.5
 05/07/07 1:28 PM ,29
 05/07/07 2:28 PM ,26.5
 05/07/07 3:28 PM ,23.5
 05/07/07 4:28 PM ,22
 05/07/07 5:28 PM ,21
 05/07/07 6:28 PM ,21
 05/07/07 7:28 PM ,19
 05/07/07 8:28 PM ,17.5
 05/07/07 9:28 PM ,17
 05/07/07 10:28 PM ,16.5
 05/07/07 11:28 PM ,16
 05/08/07 12:28 AM ,16
 05/08/07 1:28 AM ,15.5
 05/08/07 2:28 AM ,15.5
 05/08/07 3:28 AM ,15
 05/08/07 4:28 AM ,15
 05/08/07 5:28 AM ,14.5
 05/08/07 6:28 AM ,14.5
 05/08/07 7:28 AM ,16
 05/08/07 8:28 AM ,18
 05/08/07 9:28 AM ,20.5
 05/08/07 10:28 AM ,31
 05/08/07 11:28 AM ,36
 05/08/07 12:28 PM ,35.5
 05/08/07 1:28 PM ,28.5
 05/08/07 2:28 PM ,26.5
 05/08/07 3:28 PM ,24.5
 05/08/07 4:28 PM ,22.5
 05/08/07 5:28 PM ,21
 05/08/07 6:28 PM ,19.5
 05/08/07 7:28 PM ,18.5
 05/08/07 8:28 PM ,17
 05/08/07 9:28 PM ,16.5
 05/08/07 10:28 PM ,15.5
 05/08/07 11:28 PM ,15
 05/09/07 12:28 AM ,14.5
 05/09/07 1:28 AM ,14.5
 05/09/07 2:28 AM ,14
 05/09/07 3:28 AM ,13.5
 05/09/07 4:28 AM ,13
 05/09/07 5:28 AM ,13
 05/09/07 6:28 AM ,12.5
 05/09/07 7:28 AM ,13.5
 05/09/07 8:28 AM ,15.5
 05/09/07 9:28 AM ,20
 05/09/07 10:28 AM ,28
 05/09/07 11:28 AM ,34.5
 05/09/07 12:28 PM ,34
 05/09/07 1:28 PM ,26
 05/09/07 2:28 PM ,25
 05/09/07 3:28 PM ,22.5
 05/09/07 4:28 PM ,21
 05/09/07 5:28 PM ,19.5
 05/09/07 6:28 PM ,18.5
 05/09/07 7:28 PM ,17
 05/09/07 8:28 PM ,15
 05/09/07 9:28 PM ,13.5
 05/09/07 10:28 PM ,12.5
 05/09/07 11:28 PM ,12
 05/10/07 12:28 AM ,12.5
 05/10/07 1:28 AM ,12.5
 05/10/07 2:28 AM ,12.5
 05/10/07 3:28 AM ,12
 05/10/07 4:28 AM ,12
 05/10/07 5:28 AM ,12
 05/10/07 6:28 AM ,12
 05/10/07 7:28 AM ,12.5
 05/10/07 8:28 AM ,13
 05/10/07 9:28 AM ,15
 05/10/07 10:28 AM ,22.5
 05/10/07 11:28 AM ,29.5
 05/10/07 12:28 PM ,30.5
 05/10/07 1:28 PM ,23
 05/10/07 2:28 PM ,23.5
 05/10/07 3:28 PM ,21.5
 05/10/07 4:28 PM ,19.5
 05/10/07 5:28 PM ,18.5
 05/10/07 6:28 PM ,18
 05/10/07 7:28 PM ,15
 05/10/07 8:28 PM ,13.5
 05/10/07 9:28 PM ,13
 05/10/07 10:28 PM ,12.5
 05/10/07 11:28 PM ,12
 05/11/07 12:28 AM ,11.5
 05/11/07 1:28 AM ,11
 05/11/07 2:28 AM ,10.5
 05/11/07 3:28 AM ,10.5
 05/11/07 4:28 AM ,10
 05/11/07 5:28 AM ,10
 05/11/07 6:28 AM ,9.5
 05/11/07 7:28 AM ,11
 05/11/07 8:28 AM ,12.5
 05/11/07 9:28 AM ,17.5
 05/11/07 10:28 AM ,23.5
 05/11/07 11:28 AM ,27.5
 05/11/07 12:28 PM ,30
 05/11/07 1:28 PM ,24
 05/11/07 2:28 PM ,23.5
 05/11/07 3:28 PM ,21.5
 05/11/07 4:28 PM ,18.5
 05/11/07 5:28 PM ,16.5
 05/11/07 6:28 PM ,14.5
 05/11/07 7:28 PM ,13
 05/11/07 8:28 PM ,11.5
 05/11/07 9:28 PM ,11.5
 05/11/07 10:28 PM ,11
 05/11/07 11:28 PM ,10.5
 05/12/07 12:28 AM ,10.5
 05/12/07 1:28 AM ,10
 05/12/07 2:28 AM ,10
 05/12/07 3:28 AM ,10
 05/12/07 4:28 AM ,10
 05/12/07 5:28 AM ,9.5
 05/12/07 6:28 AM ,9.5
 05/12/07 7:28 AM ,11
 05/12/07 8:28 AM ,13
 05/12/07 9:28 AM ,18.5
 05/12/07 10:28 AM ,25.5
 05/12/07 11:28 AM ,31
 05/12/07 12:28 PM ,31.5
 05/12/07 1:28 PM ,23
 05/12/07 2:28 PM ,22
 05/12/07 3:28 PM ,21
 05/12/07 4:28 PM ,17.5
 05/12/07 5:28 PM ,16
 05/12/07 6:28 PM ,14.5
 05/12/07 7:28 PM ,13
 05/12/07 8:28 PM ,12
 05/12/07 9:28 PM ,11
 05/12/07 10:28 PM ,11
 05/12/07 11:28 PM ,11
 05/13/07 12:28 AM ,11
 05/13/07 1:28 AM ,10.5
 05/13/07 2:28 AM ,10
 05/13/07 3:28 AM ,10
 05/13/07 4:28 AM ,10
 05/13/07 5:28 AM ,9.5
 05/13/07 6:28 AM ,10
 05/13/07 7:28 AM ,11.5
 05/13/07 8:28 AM ,14
 05/13/07 9:28 AM ,19.5
 05/13/07 10:28 AM ,26
 05/13/07 11:28 AM ,33
 05/13/07 12:28 PM ,34
 05/13/07 1:28 PM ,26.5
 05/13/07 2:28 PM ,25.5
 05/13/07 3:28 PM ,24
 05/13/07 4:28 PM ,21
 05/13/07 5:28 PM ,19
 05/13/07 6:28 PM ,17.5
 05/13/07 7:28 PM ,15.5
 05/13/07 8:28 PM ,14
 05/13/07 9:28 PM ,13.5
 05/13/07 10:28 PM ,13
 05/13/07 11:28 PM ,12.5
 05/14/07 12:28 AM ,12
 05/14/07 1:28 AM ,12
 05/14/07 2:28 AM ,11.5
 05/14/07 3:28 AM ,11.5
 05/14/07 4:28 AM ,11
 05/14/07 5:28 AM ,11
 05/14/07 6:28 AM ,11
 05/14/07 7:28 AM ,12
 05/14/07 8:28 AM ,14
 05/14/07 9:28 AM ,20.5
 05/14/07 10:28 AM ,29
 05/14/07 11:28 AM ,34.5
 05/14/07 12:28 PM ,34
 05/14/07 1:28 PM ,27
 05/14/07 2:28 PM ,25.5
 05/14/07 3:28 PM ,24.5
 05/14/07 4:28 PM ,21.5
 05/14/07 5:28 PM ,20
 05/14/07 6:28 PM ,18.5
 05/14/07 7:28 PM ,16.5
 05/14/07 8:28 PM ,14.5
 05/14/07 9:28 PM ,13.5
 05/14/07 10:28 PM ,13
 05/14/07 11:28 PM ,12.5
 05/15/07 12:28 AM ,12
 05/15/07 1:28 AM ,11.5
 05/15/07 2:28 AM ,11
 05/15/07 3:28 AM ,10.5
 05/15/07 4:28 AM ,10.5
 05/15/07 5:28 AM ,10.5
 05/15/07 6:28 AM ,11.5
 05/15/07 7:28 AM ,12
 05/15/07 8:28 AM ,13.5
 05/15/07 9:28 AM ,19.5
 05/15/07 10:28 AM ,27.5
 05/15/07 11:28 AM ,31
 05/15/07 12:28 PM ,31
 05/15/07 1:28 PM ,23
 05/15/07 2:28 PM ,23
 05/15/07 3:28 PM ,22.5
 05/15/07 4:28 PM ,18.5
 05/15/07 5:28 PM ,16.5
 05/15/07 6:28 PM ,15
 05/15/07 7:28 PM ,13.5
 05/15/07 8:28 PM ,12
 05/15/07 9:28 PM ,12.5
 05/15/07 10:28 PM ,12
 05/15/07 11:28 PM ,11.5
 05/16/07 12:28 AM ,11
 05/16/07 1:28 AM ,10.5
 05/16/07 2:28 AM ,11
 05/16/07 3:28 AM ,10.5
 05/16/07 4:28 AM ,10
 05/16/07 5:28 AM ,9.5
 05/16/07 6:28 AM ,10
 05/16/07 7:28 AM ,11.5
 05/16/07 8:28 AM ,13
 05/16/07 9:28 AM ,19.5
 05/16/07 10:28 AM ,27.5
 05/16/07 11:28 AM ,33
 05/16/07 12:28 PM ,33.5
 05/16/07 1:28 PM ,25
 05/16/07 2:28 PM ,24.5
 05/16/07 3:28 PM ,24.5
 05/16/07 4:28 PM ,19
 05/16/07 5:28 PM ,17.5
 05/16/07 6:28 PM ,16
 05/16/07 7:28 PM ,14.5
 05/16/07 8:28 PM ,13
 05/16/07 9:28 PM ,12.5
 05/16/07 10:28 PM ,11.5
 05/16/07 11:28 PM ,11
 05/17/07 12:28 AM ,11
 05/17/07 1:28 AM ,10.5
 05/17/07 2:28 AM ,10.5
 05/17/07 3:28 AM ,10.5
 05/17/07 4:28 AM ,10.5
 05/17/07 5:28 AM ,10.5
 05/17/07 6:28 AM ,10.5
 05/17/07 7:28 AM ,12.5
 05/17/07 8:28 AM ,14.5
 05/17/07 9:28 AM ,21.5
 05/17/07 10:28 AM ,30.5
 05/17/07 11:28 AM ,34
 05/17/07 12:28 PM ,34
 05/17/07 1:28 PM ,25.5
 05/17/07 2:28 PM ,25.5
 05/17/07 3:28 PM ,24.5
 05/17/07 4:28 PM ,20
 05/17/07 5:28 PM ,18
 05/17/07 6:28 PM ,16.5
 05/17/07 7:28 PM ,14.5
 05/17/07 8:28 PM ,13.5
 05/17/07 9:28 PM ,12.5
 05/17/07 10:28 PM ,12.5
 05/17/07 11:28 PM ,12
 05/18/07 12:28 AM ,12
 05/18/07 1:28 AM ,12
 05/18/07 2:28 AM ,12
 05/18/07 3:28 AM ,12
 05/18/07 4:28 AM ,12
 05/18/07 5:28 AM ,11.5
 05/18/07 6:28 AM ,11.5
 05/18/07 7:28 AM ,13.5
 05/18/07 8:28 AM ,15.5
 05/18/07 9:28 AM ,21.5
 05/18/07 10:28 AM ,30
 05/18/07 11:28 AM ,33
 05/18/07 12:28 PM ,33.5
 05/18/07 1:28 PM ,25
 05/18/07 2:28 PM ,26
 05/18/07 3:28 PM ,25.5
 05/18/07 4:28 PM ,21
 05/18/07 5:28 PM ,18.5
 05/18/07 6:28 PM ,17
 05/18/07 7:28 PM ,15.5
 05/18/07 8:28 PM ,14
 05/18/07 9:28 PM ,13.5
 05/18/07 10:28 PM ,13
 05/18/07 11:28 PM ,13
 05/19/07 12:28 AM ,12.5
 05/19/07 1:28 AM ,12.5
 05/19/07 2:28 AM ,12.5
 05/19/07 3:28 AM ,12
 05/19/07 4:28 AM ,12
 05/19/07 5:28 AM ,11.5
 05/19/07 6:28 AM ,13
 05/19/07 7:28 AM ,14.5
 05/19/07 8:28 AM ,15.5
 05/19/07 9:28 AM ,23
 05/19/07 10:28 AM ,31.5
 05/19/07 11:28 AM ,34
 05/19/07 12:28 PM ,34.5
 05/19/07 1:28 PM ,26.5
 05/19/07 2:28 PM ,26.5
 05/19/07 3:28 PM ,27
 05/19/07 4:28 PM ,20.5
 05/19/07 5:28 PM ,19
 05/19/07 6:28 PM ,17.5
 05/19/07 7:28 PM ,16
 05/19/07 8:28 PM ,14
 05/19/07 9:28 PM ,13.5
 05/19/07 10:28 PM ,13
 05/19/07 11:28 PM ,12
 05/20/07 12:28 AM ,12
 05/20/07 1:28 AM ,11.5
 05/20/07 2:28 AM ,12
 05/20/07 3:28 AM ,12
 05/20/07 4:28 AM ,11.5
 05/20/07 5:28 AM ,11.5
 05/20/07 6:28 AM ,11.5
 05/20/07 7:28 AM ,13
 05/20/07 8:28 AM ,14.5
 05/20/07 9:28 AM ,23
 05/20/07 10:28 AM ,32
 05/20/07 11:28 AM ,35.5
 05/20/07 12:28 PM ,35
 05/20/07 1:28 PM ,25.5
 05/20/07 2:28 PM ,25.5
 05/20/07 3:28 PM ,27
 05/20/07 4:28 PM ,20
 05/20/07 5:28 PM ,18
 05/20/07 6:28 PM ,17
 05/20/07 7:28 PM ,15.5
 05/20/07 8:28 PM ,15
 05/20/07 9:28 PM ,14.5
 05/20/07 10:28 PM ,14
 05/20/07 11:28 PM ,14
 05/21/07 12:28 AM ,13.5
 05/21/07 1:28 AM ,13
 05/21/07 2:28 AM ,12
 05/21/07 3:28 AM ,12
 05/21/07 4:28 AM ,11.5
 05/21/07 5:28 AM ,11
 05/21/07 6:28 AM ,11.5
 05/21/07 7:28 AM ,13
 05/21/07 8:28 AM ,15.5
 05/21/07 9:28 AM ,24
 05/21/07 10:28 AM ,34.5
 05/21/07 11:28 AM ,38.5
 05/21/07 12:28 PM ,38.5
 05/21/07 1:28 PM ,28.5
 05/21/07 2:28 PM ,29
 05/21/07 3:28 PM ,30.5
 05/21/07 4:28 PM ,22
 05/21/07 5:28 PM ,20
 05/21/07 6:28 PM ,18.5
 05/21/07 7:28 PM ,16.5
 05/21/07 8:28 PM ,15.5
 05/21/07 9:28 PM ,14
 05/21/07 10:28 PM ,13.5
 05/21/07 11:28 PM ,13
 05/22/07 12:28 AM ,13
 05/22/07 1:28 AM ,12.5
 05/22/07 2:28 AM ,12.5
 05/22/07 3:28 AM ,12
 05/22/07 4:28 AM ,11.5
 05/22/07 5:28 AM ,12
 05/22/07 6:28 AM ,12
 05/22/07 7:28 AM ,14.5
 05/22/07 8:28 AM ,16.5
 05/22/07 9:28 AM ,27.5
 05/22/07 10:28 AM ,35
 05/22/07 11:28 AM ,38.5
 05/22/07 12:28 PM ,39.5
 05/22/07 1:28 PM ,28
 05/22/07 2:28 PM ,29
 05/22/07 3:28 PM ,31
 05/22/07 4:28 PM ,22.5
 05/22/07 5:28 PM ,20.5
 05/22/07 6:28 PM ,19
 05/22/07 7:28 PM ,17.5
 05/22/07 8:28 PM ,16
 05/22/07 9:28 PM ,15
 05/22/07 10:28 PM ,15
 05/22/07 11:28 PM ,15.5
 05/23/07 12:28 AM ,15.5
 05/23/07 1:28 AM ,15.5
 05/23/07 2:28 AM ,15.5
 05/23/07 3:28 AM ,15
 05/23/07 4:28 AM ,15
 05/23/07 5:28 AM ,14.5
 05/23/07 6:28 AM ,15
 05/23/07 7:28 AM ,16.5
 05/23/07 8:28 AM ,18.5
 05/23/07 9:28 AM ,30.5
 05/23/07 10:28 AM ,37
 05/23/07 11:28 AM ,40
 05/23/07 12:28 PM ,40.5
 05/23/07 1:28 PM ,30.5
 05/23/07 2:28 PM ,30.5
 05/23/07 3:28 PM ,32.5
 05/23/07 4:28 PM ,24
 05/23/07 5:28 PM ,22
 05/23/07 6:28 PM ,20.5
 05/23/07 7:28 PM ,19
 05/23/07 8:28 PM ,17
 05/23/07 9:28 PM ,16
 05/23/07 10:28 PM ,15.5
 05/23/07 11:28 PM ,15
 05/24/07 12:28 AM ,14.5
 05/24/07 1:28 AM ,14
 05/24/07 2:28 AM ,13.5
 05/24/07 3:28 AM ,13.5
 05/24/07 4:28 AM ,13
 05/24/07 5:28 AM ,12.5
 05/24/07 6:28 AM ,13
 05/24/07 7:28 AM ,14.5
 05/24/07 8:28 AM ,16.5
 05/24/07 9:28 AM ,27
 05/24/07 10:28 AM ,35.5
 05/24/07 11:28 AM ,39.5
 05/24/07 12:28 PM ,41.5
 05/24/07 1:28 PM ,30.5
 05/24/07 2:28 PM ,30.5
 05/24/07 3:28 PM ,33
 05/24/07 4:28 PM ,24
 05/24/07 5:28 PM ,22
 05/24/07 6:28 PM ,21
 05/24/07 7:28 PM ,19
 05/24/07 8:28 PM ,16.5
 05/24/07 9:28 PM ,15.5
 05/24/07 10:28 PM ,14.5
 05/24/07 11:28 PM ,14
 05/25/07 12:28 AM ,13.5
 05/25/07 1:28 AM ,12.5
 05/25/07 2:28 AM ,12.5
 05/25/07 3:28 AM ,12
 05/25/07 4:28 AM ,11.5
 05/25/07 5:28 AM ,11
 05/25/07 6:28 AM ,11
 05/25/07 7:28 AM ,13
 05/25/07 8:28 AM ,15
 05/25/07 9:28 AM ,25.5
 05/25/07 10:28 AM ,31.5
 05/25/07 11:28 AM ,36.5
 05/25/07 12:28 PM ,38.5
 05/25/07 1:28 PM ,29
 05/25/07 2:28 PM ,29.5
 05/25/07 3:28 PM ,27
 05/25/07 4:28 PM ,26
 05/25/07 5:28 PM ,22
 05/25/07 6:28 PM ,20
 05/25/07 7:28 PM ,18
 05/25/07 8:28 PM ,15.5
 05/25/07 9:28 PM ,14.5
 05/25/07 10:28 PM ,14
 05/25/07 11:28 PM ,13
 05/26/07 12:28 AM ,12
 05/26/07 1:28 AM ,12
 05/26/07 2:28 AM ,12
 05/26/07 3:28 AM ,12
 05/26/07 4:28 AM ,12.5
 05/26/07 5:28 AM ,12
 05/26/07 6:28 AM ,12
 05/26/07 7:28 AM ,13.5
 05/26/07 8:28 AM ,14.5
 05/26/07 9:28 AM ,24.5
 05/26/07 10:28 AM ,32
 05/26/07 11:28 AM ,36
 05/26/07 12:28 PM ,35
 05/26/07 1:28 PM ,28
 05/26/07 2:28 PM ,28
 05/26/07 3:28 PM ,31
 05/26/07 4:28 PM ,24
 05/26/07 5:28 PM ,21.5
 05/26/07 6:28 PM ,18.5
 05/26/07 7:28 PM ,16
 05/26/07 8:28 PM ,14.5
 05/26/07 9:28 PM ,13.5
 05/26/07 10:28 PM ,13.5
 05/26/07 11:28 PM ,13.5
 05/27/07 12:28 AM ,12.5
 05/27/07 1:28 AM ,12.5
 05/27/07 2:28 AM ,12
 05/27/07 3:28 AM ,12.5
 05/27/07 4:28 AM ,12.5
 05/27/07 5:28 AM ,11.5
 05/27/07 6:28 AM ,12
 05/27/07 7:28 AM ,13.5
 05/27/07 8:28 AM ,15.5
 05/27/07 9:28 AM ,25.5
 05/27/07 10:28 AM ,32.5
 05/27/07 11:28 AM ,36.5
 05/27/07 12:28 PM ,34.5
 05/27/07 1:28 PM ,27
 05/27/07 2:28 PM ,27.5
 05/27/07 3:28 PM ,30
 05/27/07 4:28 PM ,22
 05/27/07 5:28 PM ,20
 05/27/07 6:28 PM ,19
 05/27/07 7:28 PM ,17.5
 05/27/07 8:28 PM ,15.5
 05/27/07 9:28 PM ,14.5
 05/27/07 10:28 PM ,13.5
 05/27/07 11:28 PM ,13
 05/28/07 12:28 AM ,12.5
 05/28/07 1:28 AM ,12
 05/28/07 2:28 AM ,11.5
 05/28/07 3:28 AM ,11.5
 05/28/07 4:28 AM ,11.5
 05/28/07 5:28 AM ,11.5
 05/28/07 6:28 AM ,11.5
 05/28/07 7:28 AM ,13
 05/28/07 8:28 AM ,15.5
 05/28/07 9:28 AM ,25.5
 05/28/07 10:28 AM ,33.5
 05/28/07 11:28 AM ,37.5
 05/28/07 12:28 PM ,37.5
 05/28/07 1:28 PM ,29
 05/28/07 2:28 PM ,29.5
 05/28/07 3:28 PM ,33
 05/28/07 4:28 PM ,24.5
 05/28/07 5:28 PM ,22.5
 05/28/07 6:28 PM ,20.5
 05/28/07 7:28 PM ,18.5
 05/28/07 8:28 PM ,16.5
 05/28/07 9:28 PM ,15
 05/28/07 10:28 PM ,14
 05/28/07 11:28 PM ,13.5
 05/29/07 12:28 AM ,12.5
 05/29/07 1:28 AM ,12
 05/29/07 2:28 AM ,12
 05/29/07 3:28 AM ,11.5
 05/29/07 4:28 AM ,11.5
 05/29/07 5:28 AM ,11.5
 05/29/07 6:28 AM ,12
 05/29/07 7:28 AM ,13.5
 05/29/07 8:28 AM ,15
 05/29/07 9:28 AM ,24
 05/29/07 10:28 AM ,31.5
 05/29/07 11:28 AM ,34
 05/29/07 12:28 PM ,35.5
 05/29/07 1:28 PM ,26.5
 05/29/07 2:28 PM ,25
 05/29/07 3:28 PM ,29
 05/29/07 4:28 PM ,20.5
 05/29/07 5:28 PM ,18
 05/29/07 6:28 PM ,16.5
 05/29/07 7:28 PM ,15
 05/29/07 8:28 PM ,15
 05/29/07 9:28 PM ,14.5
 05/29/07 10:28 PM ,14
 05/29/07 11:28 PM ,14
 05/30/07 12:28 AM ,14
 05/30/07 1:28 AM ,13.5
 05/30/07 2:28 AM ,13.5
 05/30/07 3:28 AM ,13.5
 05/30/07 4:28 AM ,13.5
 05/30/07 5:28 AM ,13
 05/30/07 6:28 AM ,13
 05/30/07 7:28 AM ,13.5
 05/30/07 8:28 AM ,14.5
 05/30/07 9:28 AM ,17
 05/30/07 10:28 AM ,18.5
 05/30/07 11:28 AM ,25.5
 05/30/07 12:28 PM ,32
 05/30/07 1:28 PM ,25.5
 05/30/07 2:28 PM ,24
 05/30/07 3:28 PM ,28
 05/30/07 4:28 PM ,20.5
 05/30/07 5:28 PM ,19
 05/30/07 6:28 PM ,17.5
 05/30/07 7:28 PM ,16
 05/30/07 8:28 PM ,14.5
 05/30/07 9:28 PM ,14
 05/30/07 10:28 PM ,14
 05/30/07 11:28 PM ,13.5
 05/31/07 12:28 AM ,13.5
 05/31/07 1:28 AM ,13.5
 05/31/07 2:28 AM ,13
 05/31/07 3:28 AM ,13
 05/31/07 4:28 AM ,13
 05/31/07 5:28 AM ,13
 05/31/07 6:28 AM ,13
 05/31/07 7:28 AM ,13.5
 05/31/07 8:28 AM ,14.5
 05/31/07 9:28 AM ,16
 05/31/07 10:28 AM ,24
 05/31/07 11:28 AM ,31.5
 05/31/07 12:28 PM ,34
 05/31/07 1:28 PM ,26.5
 05/31/07 2:28 PM ,25.5
 05/31/07 3:28 PM ,29.5
 05/31/07 4:28 PM ,21.5
 05/31/07 5:28 PM ,19.5
 05/31/07 6:28 PM ,17.5
 05/31/07 7:28 PM ,15.5
 05/31/07 8:28 PM ,14
 05/31/07 9:28 PM ,13.5
 05/31/07 10:28 PM ,13
 05/31/07 11:28 PM ,13
 06/01/07 12:28 AM ,12.5
 06/01/07 1:28 AM ,13
 06/01/07 2:28 AM ,13
 06/01/07 3:28 AM ,13
 06/01/07 4:28 AM ,12.5
 06/01/07 5:28 AM ,12.5
 06/01/07 6:28 AM ,12.5
 06/01/07 7:28 AM ,13.5
 06/01/07 8:28 AM ,15
 06/01/07 9:28 AM ,23
 06/01/07 10:28 AM ,31
 06/01/07 11:28 AM ,34.5
 06/01/07 12:28 PM ,36.5
 06/01/07 1:28 PM ,28
 06/01/07 2:28 PM ,28
 06/01/07 3:28 PM ,32.5
 06/01/07 4:28 PM ,23.5
 06/01/07 5:28 PM ,21
 06/01/07 6:28 PM ,18.5
 06/01/07 7:28 PM ,17
 06/01/07 8:28 PM ,15
 06/01/07 9:28 PM ,14.5
 06/01/07 10:28 PM ,14.5
 06/01/07 11:28 PM ,14
 06/02/07 12:28 AM ,14
 06/02/07 1:28 AM ,13.5
 06/02/07 2:28 AM ,13
 06/30/10 1:00 PM ,24
 06/30/10 2:00 PM ,24.5
 06/30/10 3:00 PM ,24.5
 06/30/10 4:00 PM ,25
 06/30/10 5:00 PM ,22
 06/30/10 6:00 PM ,22
 06/30/10 7:00 PM ,22
 06/30/10 8:00 PM ,21.5
 06/30/10 9:00 PM ,21
 06/30/10 10:00 PM ,20.5
 06/30/10 11:00 PM ,19.5
 07/01/10 12:00 AM ,19
 07/01/10 1:00 AM ,18
 07/01/10 2:00 AM ,17
 07/01/10 3:00 AM ,16.5
 07/01/10 4:00 AM ,16
 07/01/10 5:00 AM ,15
 07/01/10 6:00 AM ,14.5
 07/01/10 7:00 AM ,14
 07/01/10 8:00 AM ,14
 07/01/10 9:00 AM ,14
 07/01/10 10:00 AM ,14.5
 07/01/10 11:00 AM ,15.5
 07/01/10 12:00 PM ,17.5
 07/01/10 1:00 PM ,19
 07/01/10 2:00 PM ,20
 07/01/10 3:00 PM ,20.5
 07/01/10 4:00 PM ,21
 07/01/10 5:00 PM ,21.5
 07/01/10 6:00 PM ,21.5
 07/01/10 7:00 PM ,21.5
 07/01/10 8:00 PM ,21
 07/01/10 9:00 PM ,20.5
 07/01/10 10:00 PM ,20
 07/01/10 11:00 PM ,19.5
 07/02/10 12:00 AM ,18.5
 07/02/10 1:00 AM ,17.5
 07/02/10 2:00 AM ,17
 07/02/10 3:00 AM ,16
 07/02/10 4:00 AM ,15.5
 07/02/10 5:00 AM ,15
 07/02/10 6:00 AM ,14.5
 07/02/10 7:00 AM ,14
 07/02/10 8:00 AM ,13.5
 07/02/10 9:00 AM ,13.5
 07/02/10 10:00 AM ,14
 07/02/10 11:00 AM ,15
 07/02/10 12:00 PM ,16.5
 07/02/10 1:00 PM ,17.5
 07/02/10 2:00 PM ,19
 07/02/10 3:00 PM ,20
 07/02/10 4:00 PM ,21
 07/02/10 5:00 PM ,21
 07/02/10 6:00 PM ,21.5
 07/02/10 7:00 PM ,21.5
 07/02/10 8:00 PM ,21
 07/02/10 9:00 PM ,20.5
 07/02/10 10:00 PM ,20
 07/02/10 11:00 PM ,19.5
 07/03/10 12:00 AM ,18.5
 07/03/10 1:00 AM ,17.5
 07/03/10 2:00 AM ,17
 07/03/10 3:00 AM ,16.5
 07/03/10 4:00 AM ,16.5
 07/03/10 5:00 AM ,16
 07/03/10 6:00 AM ,15.5
 07/03/10 7:00 AM ,15
 07/03/10 8:00 AM ,15
 07/03/10 9:00 AM ,15
 07/03/10 10:00 AM ,15
 07/03/10 11:00 AM ,16
 07/03/10 12:00 PM ,16.5
 07/03/10 1:00 PM ,18
 07/03/10 2:00 PM ,19
 07/03/10 3:00 PM ,20
 07/03/10 4:00 PM ,20.5
 07/03/10 5:00 PM ,21.5
 07/03/10 6:00 PM ,22.5
 07/03/10 7:00 PM ,23
 07/03/10 8:00 PM ,22.5
 07/03/10 9:00 PM ,21.5
 07/03/10 10:00 PM ,21
 07/03/10 11:00 PM ,20
 07/04/10 12:00 AM ,19.5
 07/04/10 1:00 AM ,18.5
 07/04/10 2:00 AM ,18
 07/04/10 3:00 AM ,17.5
 07/04/10 4:00 AM ,17
 07/04/10 5:00 AM ,16.5
 07/04/10 6:00 AM ,16
 07/04/10 7:00 AM ,16.5
 07/04/10 8:00 AM ,17.5
 07/04/10 9:00 AM ,18
 07/04/10 10:00 AM ,18.5
 07/04/10 11:00 AM ,19.5
 07/04/10 12:00 PM ,21
 07/04/10 1:00 PM ,22
 07/04/10 2:00 PM ,22.5
 07/04/10 3:00 PM ,23.5
 07/04/10 4:00 PM ,20.5
 07/04/10 5:00 PM ,20.5
 07/04/10 6:00 PM ,20.5
 07/04/10 7:00 PM ,20.5
 07/04/10 8:00 PM ,20.5
 07/04/10 9:00 PM ,20
 07/04/10 10:00 PM ,19.5
 07/04/10 11:00 PM ,19
 07/05/10 12:00 AM ,18
 07/05/10 1:00 AM ,17.5
 07/05/10 2:00 AM ,17
 07/05/10 3:00 AM ,16.5
 07/05/10 4:00 AM ,16
 07/05/10 5:00 AM ,15.5
 07/05/10 6:00 AM ,15
 07/05/10 7:00 AM ,15
 07/05/10 8:00 AM ,15
 07/05/10 9:00 AM ,15.5
 07/05/10 10:00 AM ,16
 07/05/10 11:00 AM ,17
 07/05/10 12:00 PM ,18
 07/05/10 1:00 PM ,19
 07/05/10 2:00 PM ,18.5
 07/05/10 3:00 PM ,18
 07/05/10 4:00 PM ,18
 07/05/10 5:00 PM ,18
 07/05/10 6:00 PM ,18.5
 07/05/10 7:00 PM ,19
 07/05/10 8:00 PM ,19
 07/05/10 9:00 PM ,19
 07/05/10 10:00 PM ,18.5
 07/05/10 11:00 PM ,18.5
 07/06/10 12:00 AM ,18
 07/06/10 1:00 AM ,17.5
 07/06/10 2:00 AM ,17
 07/06/10 3:00 AM ,16.5
 07/06/10 4:00 AM ,16
 07/06/10 5:00 AM ,15.5
 07/06/10 6:00 AM ,14
 07/06/10 7:00 AM ,14
 07/06/10 8:00 AM ,14
 07/06/10 9:00 AM ,14.5
 07/06/10 10:00 AM ,16.5
 07/06/10 11:00 AM ,17.5
 07/06/10 12:00 PM ,18
 07/06/10 1:00 PM ,19
 07/06/10 2:00 PM ,19
 07/06/10 3:00 PM ,19.5
 07/06/10 4:00 PM ,20
 07/06/10 5:00 PM ,20
 07/06/10 6:00 PM ,20
 07/06/10 7:00 PM ,20
 07/06/10 8:00 PM ,20
 07/06/10 9:00 PM ,19.5
 07/06/10 10:00 PM ,19
 07/06/10 11:00 PM ,18.5
 07/07/10 12:00 AM ,18.5
 07/07/10 1:00 AM ,18
 07/07/10 2:00 AM ,17.5
 07/07/10 3:00 AM ,17
 07/07/10 4:00 AM ,16.5
 07/07/10 5:00 AM ,16
 07/07/10 6:00 AM ,15.5
 07/07/10 7:00 AM ,15
 07/07/10 8:00 AM ,15
 07/07/10 9:00 AM ,16
 07/07/10 10:00 AM ,16.5
 07/07/10 11:00 AM ,17.5
 07/07/10 12:00 PM ,18.5
 07/07/10 1:00 PM ,18.5
 07/07/10 2:00 PM ,18.5
 07/07/10 3:00 PM ,18.5
 07/07/10 4:00 PM ,19
 07/07/10 5:00 PM ,18.5
 07/07/10 6:00 PM ,19
 07/07/10 7:00 PM ,19.5
 07/07/10 8:00 PM ,19.5
 07/07/10 9:00 PM ,19.5
 07/07/10 10:00 PM ,19.5
 07/07/10 11:00 PM ,19.5
 07/08/10 12:00 AM ,18.5
 07/08/10 1:00 AM ,18
 07/08/10 2:00 AM ,17.5
 07/08/10 3:00 AM ,17.5
 07/08/10 4:00 AM ,17
 07/08/10 5:00 AM ,16.5
 07/08/10 6:00 AM ,16
 07/08/10 7:00 AM ,15
 07/08/10 8:00 AM ,14.5
 07/08/10 9:00 AM ,15
 07/08/10 10:00 AM ,15.5
 07/08/10 11:00 AM ,16.5
 07/08/10 12:00 PM ,17
 07/08/10 1:00 PM ,17
 07/08/10 2:00 PM ,17.5
 07/08/10 3:00 PM ,18
 07/08/10 4:00 PM ,18.5
 07/08/10 5:00 PM ,19.5
 07/08/10 6:00 PM ,19.5
 07/08/10 7:00 PM ,20
 07/08/10 8:00 PM ,20
 07/08/10 9:00 PM ,20
 07/08/10 10:00 PM ,20
 07/08/10 11:00 PM ,19.5
 07/09/10 12:00 AM ,18.5
 07/09/10 1:00 AM ,18.5
 07/09/10 2:00 AM ,18
 07/09/10 3:00 AM ,17.5
 07/09/10 4:00 AM ,17
 07/09/10 5:00 AM ,16.5
 07/09/10 6:00 AM ,16
 07/09/10 7:00 AM ,15.5
 07/09/10 8:00 AM ,15
 07/09/10 9:00 AM ,15.5
 07/09/10 10:00 AM ,16.5
 07/09/10 11:00 AM ,17.5
 07/09/10 12:00 PM ,18
 07/09/10 1:00 PM ,18.5
 07/09/10 2:00 PM ,19
 07/09/10 3:00 PM ,18.5
 07/09/10 4:00 PM ,18.5
 07/09/10 5:00 PM ,18.5
 07/09/10 6:00 PM ,18.5
 07/09/10 7:00 PM ,19
 07/09/10 8:00 PM ,19.5
 07/09/10 9:00 PM ,19
 07/09/10 10:00 PM ,19
 07/09/10 11:00 PM ,19
 07/10/10 12:00 AM ,18.5
 07/10/10 1:00 AM ,18
 07/10/10 2:00 AM ,17.5
 07/10/10 3:00 AM ,17.5
 07/10/10 4:00 AM ,17
 07/10/10 5:00 AM ,16.5
 07/10/10 6:00 AM ,16
 07/10/10 7:00 AM ,16
 07/10/10 8:00 AM ,15.5
 07/10/10 9:00 AM ,16
 07/10/10 10:00 AM ,17
 07/10/10 11:00 AM ,17
 07/10/10 12:00 PM ,17.5
 07/10/10 1:00 PM ,18.5
 07/10/10 2:00 PM ,19
 07/10/10 3:00 PM ,19
 07/10/10 4:00 PM ,19
 07/10/10 5:00 PM ,19
 07/10/10 6:00 PM ,18.5
 07/10/10 7:00 PM ,19.5
 07/10/10 8:00 PM ,20
 07/10/10 9:00 PM ,20
 07/10/10 10:00 PM ,19.5
 07/10/10 11:00 PM ,19.5
 07/11/10 12:00 AM ,19
 07/11/10 1:00 AM ,18.5
 07/11/10 2:00 AM ,18
 07/11/10 3:00 AM ,18
 07/11/10 4:00 AM ,17.5
 07/11/10 5:00 AM ,17
 07/11/10 6:00 AM ,17
 07/11/10 7:00 AM ,16
 07/11/10 8:00 AM ,16
 07/11/10 9:00 AM ,16
 07/11/10 10:00 AM ,17
 07/11/10 11:00 AM ,17.5
 07/11/10 12:00 PM ,18.5
 07/11/10 1:00 PM ,19
 07/11/10 2:00 PM ,20
 07/11/10 3:00 PM ,20
 07/11/10 4:00 PM ,20
 07/11/10 5:00 PM ,19.5
 07/11/10 6:00 PM ,19
 07/11/10 7:00 PM ,19.5
 07/11/10 8:00 PM ,20
 07/11/10 9:00 PM ,20
 07/11/10 10:00 PM ,19.5
 07/11/10 11:00 PM ,19
 07/12/10 12:00 AM ,19
 07/12/10 1:00 AM ,18.5
 07/12/10 2:00 AM ,18
 07/12/10 3:00 AM ,17.5
 07/12/10 4:00 AM ,17.5
 07/12/10 5:00 AM ,17
 07/12/10 6:00 AM ,16.5
 07/12/10 7:00 AM ,16.5
 07/12/10 8:00 AM ,16
 07/12/10 9:00 AM ,16.5
 07/12/10 10:00 AM ,18
 07/12/10 11:00 AM ,19
 07/12/10 12:00 PM ,20.5
 07/12/10 1:00 PM ,20.5
 07/12/10 2:00 PM ,20
 07/12/10 3:00 PM ,19.5
 07/12/10 4:00 PM ,19.5
 07/12/10 5:00 PM ,19.5
 07/12/10 6:00 PM ,19.5
 07/12/10 7:00 PM ,19
 07/12/10 8:00 PM ,19
 07/12/10 9:00 PM ,18.5
 07/12/10 10:00 PM ,18.5
 07/12/10 11:00 PM ,18.5
 07/13/10 12:00 AM ,18.5
 07/13/10 1:00 AM ,18.5
 07/13/10 2:00 AM ,18.5
 07/13/10 3:00 AM ,18.5
 07/13/10 4:00 AM ,18.5
 07/13/10 5:00 AM ,18.5
 07/13/10 6:00 AM ,18.5
 07/13/10 7:00 AM ,19
 07/13/10 8:00 AM ,19.5
 07/13/10 9:00 AM ,19.5
 07/13/10 10:00 AM ,20
 07/13/10 11:00 AM ,20
 07/13/10 12:00 PM ,20
 07/13/10 1:00 PM ,20
 07/13/10 2:00 PM ,19.5
 07/13/10 3:00 PM ,20
 07/13/10 4:00 PM ,20
 07/13/10 5:00 PM ,20
 07/13/10 6:00 PM ,20
 07/13/10 7:00 PM ,19.5
 07/13/10 8:00 PM ,19
 07/13/10 9:00 PM ,19
 07/13/10 10:00 PM ,18.5
 07/13/10 11:00 PM ,18.5
 07/14/10 12:00 AM ,18.5
 07/14/10 1:00 AM ,18.5
 07/14/10 2:00 AM ,18.5
 07/14/10 3:00 AM ,18.5
 07/14/10 4:00 AM ,18.5
 07/14/10 5:00 AM ,18.5
 07/14/10 6:00 AM ,18.5
 07/14/10 7:00 AM ,19
 07/14/10 8:00 AM ,19.5
 07/14/10 9:00 AM ,19.5
 07/14/10 10:00 AM ,19.5
 07/14/10 11:00 AM ,19.5
 07/14/10 12:00 PM ,19.5
 07/14/10 1:00 PM ,19.5
 07/14/10 2:00 PM ,19.5
 07/14/10 3:00 PM ,19.5
 07/14/10 4:00 PM ,19.5
 07/14/10 5:00 PM ,19.5
 07/14/10 6:00 PM ,20
 07/14/10 7:00 PM ,19
 07/14/10 8:00 PM ,19
 07/14/10 9:00 PM ,19
 07/14/10 10:00 PM ,18.5
 07/14/10 11:00 PM ,18.5
 07/15/10 12:00 AM ,18.5
 07/15/10 1:00 AM ,18.5
 07/15/10 2:00 AM ,18.5
 07/15/10 3:00 AM ,18.5
 07/15/10 4:00 AM ,18.5
 07/15/10 5:00 AM ,18.5
 07/15/10 6:00 AM ,18.5
 07/15/10 7:00 AM ,19
 07/15/10 8:00 AM ,19.5
 07/15/10 9:00 AM ,19.5
 07/15/10 10:00 AM ,19.5
 07/15/10 11:00 AM ,19.5
 07/15/10 12:00 PM ,19.5
 07/15/10 1:00 PM ,19.5
 07/15/10 2:00 PM ,19.5
 07/15/10 3:00 PM ,20
 07/15/10 4:00 PM ,20
 07/15/10 5:00 PM ,20
 07/15/10 6:00 PM ,20
 07/15/10 7:00 PM ,19
 07/15/10 8:00 PM ,19
 07/15/10 9:00 PM ,18.5
 07/15/10 10:00 PM ,18.5
 07/15/10 11:00 PM ,18.5
 07/16/10 12:00 AM ,18.5
 07/16/10 1:00 AM ,18.5
 07/16/10 2:00 AM ,18.5
 07/16/10 3:00 AM ,18.5
 07/16/10 4:00 AM ,18.5
 07/16/10 5:00 AM ,18.5
 07/16/10 6:00 AM ,18.5
 07/16/10 7:00 AM ,19
 07/16/10 8:00 AM ,19.5
 07/16/10 9:00 AM ,19.5
 07/16/10 10:00 AM ,19.5
 07/16/10 11:00 AM ,19.5
 07/16/10 12:00 PM ,19.5
 07/16/10 1:00 PM ,19.5
 07/16/10 2:00 PM ,19.5
 07/16/10 3:00 PM ,19.5
 07/16/10 4:00 PM ,19.5
 07/16/10 5:00 PM ,19.5
 07/16/10 6:00 PM ,19.5
 07/16/10 7:00 PM ,19
 07/16/10 8:00 PM ,18.5
 07/16/10 9:00 PM ,18.5
 07/16/10 10:00 PM ,18.5
 07/16/10 11:00 PM ,18.5
 07/17/10 12:00 AM ,18.5
 07/17/10 1:00 AM ,18.5
 07/17/10 2:00 AM ,18.5
 07/17/10 3:00 AM ,18.5
 07/17/10 4:00 AM ,18.5
 07/17/10 5:00 AM ,18.5
 07/17/10 6:00 AM ,18.5
 07/17/10 7:00 AM ,19
 07/17/10 8:00 AM ,19.5
 07/17/10 9:00 AM ,19.5
 07/17/10 10:00 AM ,19.5
 07/17/10 11:00 AM ,19.5
 07/17/10 12:00 PM ,19.5
 07/17/10 1:00 PM ,19.5
 07/17/10 2:00 PM ,19.5
 07/17/10 3:00 PM ,20
 07/17/10 4:00 PM ,20
 07/17/10 5:00 PM ,20
 07/17/10 6:00 PM ,20
 07/17/10 7:00 PM ,19
 07/17/10 8:00 PM ,19
 07/17/10 9:00 PM ,18.5
 07/17/10 10:00 PM ,18.5
 07/17/10 11:00 PM ,18.5
 07/18/10 12:00 AM ,18.5
 07/18/10 1:00 AM ,18.5
 07/18/10 2:00 AM ,18.5
 07/18/10 3:00 AM ,18.5
 07/18/10 4:00 AM ,18.5
 07/18/10 5:00 AM ,18.5
 07/18/10 6:00 AM ,18.5
 07/18/10 7:00 AM ,19
 07/18/10 8:00 AM ,19
 07/18/10 9:00 AM ,19.5
 07/18/10 10:00 AM ,19.5
 07/18/10 11:00 AM ,19.5
 07/18/10 12:00 PM ,19.5
 07/18/10 1:00 PM ,19.5
 07/18/10 2:00 PM ,19.5
 07/18/10 3:00 PM ,19.5
 07/18/10 4:00 PM ,19.5
 07/18/10 5:00 PM ,19.5
 07/18/10 6:00 PM ,19.5
 07/18/10 7:00 PM ,19
 07/18/10 8:00 PM ,18.5
 07/18/10 9:00 PM ,18.5
 07/18/10 10:00 PM ,18.5
 07/18/10 11:00 PM ,18.5
 07/19/10 12:00 AM ,18.5
 07/19/10 1:00 AM ,18.5
 07/19/10 2:00 AM ,18.5
 07/19/10 3:00 AM ,18.5
 07/19/10 4:00 AM ,18.5
 07/19/10 5:00 AM ,18.5
 07/19/10 6:00 AM ,18.5
 07/19/10 7:00 AM ,19
 07/19/10 8:00 AM ,19
 07/19/10 9:00 AM ,19.5
 07/19/10 10:00 AM ,19.5
 07/19/10 11:00 AM ,19.5
 07/19/10 12:00 PM ,19.5
 07/19/10 1:00 PM ,19.5
 07/19/10 2:00 PM ,19.5
 07/19/10 3:00 PM ,19.5
 07/19/10 4:00 PM ,19.5
 07/19/10 5:00 PM ,19.5
 07/19/10 6:00 PM ,19.5
 07/19/10 7:00 PM ,19
 07/19/10 8:00 PM ,18.5
 07/19/10 9:00 PM ,18.5
 07/19/10 10:00 PM ,18.5
 07/19/10 11:00 PM ,18.5
 07/20/10 12:00 AM ,18.5
 07/20/10 1:00 AM ,18.5
 07/20/10 2:00 AM ,18.5
 07/20/10 3:00 AM ,18.5
 07/20/10 4:00 AM ,18.5
 07/20/10 5:00 AM ,18.5
 07/20/10 6:00 AM ,18.5
 07/20/10 7:00 AM ,19
 07/20/10 8:00 AM ,19
 07/20/10 9:00 AM ,19.5
 07/20/10 10:00 AM ,19.5
 07/20/10 11:00 AM ,19.5
 07/20/10 12:00 PM ,19.5
 07/20/10 1:00 PM ,19.5
 07/20/10 2:00 PM ,17.5
 07/20/10 3:00 PM ,18.5
 07/20/10 4:00 PM ,19.5
 07/20/10 5:00 PM ,19.5
 07/20/10 6:00 PM ,19.5
 07/20/10 7:00 PM ,19
 07/20/10 8:00 PM ,19
 07/20/10 9:00 PM ,18.5
 07/20/10 10:00 PM ,18.5
 07/20/10 11:00 PM ,18.5
 07/21/10 12:00 AM ,18.5
 07/21/10 1:00 AM ,18.5
 07/21/10 2:00 AM ,18.5
 07/21/10 3:00 AM ,18.5
 07/21/10 4:00 AM ,18.5
 07/21/10 5:00 AM ,18.5
 07/21/10 6:00 AM ,18.5
 07/21/10 7:00 AM ,19
 07/21/10 8:00 AM ,19.5
 07/21/10 9:00 AM ,19.5
 07/21/10 10:00 AM ,19.5
 07/21/10 11:00 AM ,19.5
 07/21/10 12:00 PM ,19.5
 07/21/10 1:00 PM ,19.5
 07/21/10 2:00 PM ,19.5
 07/21/10 3:00 PM ,19.5
 07/21/10 4:00 PM ,19.5
 07/21/10 5:00 PM ,19.5
 07/21/10 6:00 PM ,19.5
 07/21/10 7:00 PM ,19
 07/21/10 8:00 PM ,19
 07/21/10 9:00 PM ,18.5
 07/21/10 10:00 PM ,18.5
 07/21/10 11:00 PM ,18.5
 07/22/10 12:00 AM ,18.5
 07/22/10 1:00 AM ,18.5
 07/22/10 2:00 AM ,18.5
 07/22/10 3:00 AM ,18.5
 07/22/10 4:00 AM ,18.5
 07/22/10 5:00 AM ,18.5
 07/22/10 6:00 AM ,18.5
 07/22/10 7:00 AM ,19
 07/22/10 8:00 AM ,19.5
 07/22/10 9:00 AM ,19.5
 07/22/10 10:00 AM ,19.5
 07/22/10 11:00 AM ,19.5
 07/22/10 12:00 PM ,19.5
 07/22/10 1:00 PM ,19.5
 07/22/10 2:00 PM ,19.5
 07/22/10 3:00 PM ,19.5
 07/22/10 4:00 PM ,19.5
 07/22/10 5:00 PM ,19.5
 07/22/10 6:00 PM ,19.5
 07/22/10 7:00 PM ,19
 07/22/10 8:00 PM ,19
 07/22/10 9:00 PM ,18.5
 07/22/10 10:00 PM ,18.5
 07/22/10 11:00 PM ,18.5
 07/23/10 12:00 AM ,18.5
 07/23/10 1:00 AM ,18.5
 07/23/10 2:00 AM ,18.5
 07/23/10 3:00 AM ,18.5
 07/23/10 4:00 AM ,18.5
 07/23/10 5:00 AM ,18.5
 07/23/10 6:00 AM ,18.5
 07/23/10 7:00 AM ,19
 07/23/10 8:00 AM ,19
 07/23/10 9:00 AM ,19.5
 07/23/10 10:00 AM ,19.5
 07/23/10 11:00 AM ,19.5
 07/23/10 12:00 PM ,19.5
 07/23/10 1:00 PM ,19.5
 07/23/10 2:00 PM ,19.5
 07/23/10 3:00 PM ,19.5
 07/23/10 4:00 PM ,19.5
 07/23/10 5:00 PM ,19.5
 07/23/10 6:00 PM ,19.5
 07/23/10 7:00 PM ,19
 07/23/10 8:00 PM ,19
 07/23/10 9:00 PM ,18.5
 07/23/10 10:00 PM ,18.5
 07/23/10 11:00 PM ,18.5
 07/24/10 12:00 AM ,18.5
 07/24/10 1:00 AM ,18.5
 07/24/10 2:00 AM ,18.5
 07/24/10 3:00 AM ,18.5
 07/24/10 4:00 AM ,18.5
 07/24/10 5:00 AM ,18.5
 07/24/10 6:00 AM ,18.5
 07/24/10 7:00 AM ,19
 07/24/10 8:00 AM ,19.5
 07/24/10 9:00 AM ,19.5
 07/24/10 10:00 AM ,19.5
 07/24/10 11:00 AM ,19.5
 07/24/10 12:00 PM ,19.5
 07/24/10 1:00 PM ,19.5
 07/24/10 2:00 PM ,19.5
 07/24/10 3:00 PM ,19.5
 07/24/10 4:00 PM ,19.5
 07/24/10 5:00 PM ,19.5
 07/24/10 6:00 PM ,19.5
 07/24/10 7:00 PM ,19
 07/24/10 8:00 PM ,19
 07/24/10 9:00 PM ,18.5
 07/24/10 10:00 PM ,18.5
 07/24/10 11:00 PM ,18.5
 07/25/10 12:00 AM ,18.5
 07/25/10 1:00 AM ,18.5
 07/25/10 2:00 AM ,18.5
 07/25/10 3:00 AM ,18.5
 07/25/10 4:00 AM ,18.5
 07/25/10 5:00 AM ,18.5
 07/25/10 6:00 AM ,18.5
 07/25/10 7:00 AM ,19
 07/25/10 8:00 AM ,19.5
 07/25/10 9:00 AM ,19.5
 07/25/10 10:00 AM ,19.5
 07/25/10 11:00 AM ,19.5
 07/25/10 12:00 PM ,19.5
 07/25/10 1:00 PM ,19.5
 07/25/10 2:00 PM ,19.5
 07/25/10 3:00 PM ,19.5
 07/25/10 4:00 PM ,19.5
 07/25/10 5:00 PM ,19.5
 07/25/10 6:00 PM ,19.5
 07/25/10 7:00 PM ,19
 07/25/10 8:00 PM ,18.5
 07/25/10 9:00 PM ,18.5
 07/25/10 10:00 PM ,18.5
 07/25/10 11:00 PM ,18.5
 07/26/10 12:00 AM ,18.5
 07/26/10 1:00 AM ,18.5
 07/26/10 2:00 AM ,18.5
 07/26/10 3:00 AM ,18.5
 07/26/10 4:00 AM ,18.5
 07/26/10 5:00 AM ,18.5
 07/26/10 6:00 AM ,18.5
 07/26/10 7:00 AM ,19
 07/26/10 8:00 AM ,19.5
 07/26/10 9:00 AM ,19.5
 07/26/10 10:00 AM ,19.5
 07/26/10 11:00 AM ,19.5
 07/26/10 12:00 PM ,19.5
 07/26/10 1:00 PM ,19.5
 07/26/10 2:00 PM ,19.5
 07/26/10 3:00 PM ,19.5
 07/26/10 4:00 PM ,19.5
 07/26/10 5:00 PM ,19.5
 07/26/10 6:00 PM ,19.5
 07/26/10 7:00 PM ,19
 07/26/10 8:00 PM ,18.5
 07/26/10 9:00 PM ,18.5
 07/26/10 10:00 PM ,18.5
 07/26/10 11:00 PM ,18.5
 07/27/10 12:00 AM ,18.5
 07/27/10 1:00 AM ,18.5
 07/27/10 2:00 AM ,18.5
 07/27/10 3:00 AM ,18.5
 07/27/10 4:00 AM ,18.5
 07/27/10 5:00 AM ,18.5
 07/27/10 6:00 AM ,18
 07/27/10 7:00 AM ,19
 07/27/10 8:00 AM ,19
 07/27/10 9:00 AM ,19.5
 07/27/10 10:00 AM ,19.5
 07/27/10 11:00 AM ,19.5
 07/27/10 12:00 PM ,19.5
 07/27/10 1:00 PM ,19.5
 07/27/10 2:00 PM ,19.5
 07/27/10 3:00 PM ,19.5
 07/27/10 4:00 PM ,19.5
 07/27/10 5:00 PM ,20
 07/27/10 6:00 PM ,20
 07/27/10 7:00 PM ,19
 07/27/10 8:00 PM ,19
 07/27/10 9:00 PM ,18.5
 07/27/10 10:00 PM ,18.5
 07/27/10 11:00 PM ,18.5
 07/28/10 12:00 AM ,18.5
 07/28/10 1:00 AM ,18.5
 07/28/10 2:00 AM ,18.5
 07/28/10 3:00 AM ,18.5
 07/28/10 4:00 AM ,18.5
 07/28/10 5:00 AM ,18.5
 07/28/10 6:00 AM ,18.5
 07/28/10 7:00 AM ,19
 07/28/10 8:00 AM ,19.5
 07/28/10 9:00 AM ,19.5
 07/28/10 10:00 AM ,19.5
 07/28/10 11:00 AM ,19.5
 07/28/10 12:00 PM ,19.5
 07/28/10 1:00 PM ,19.5
 07/28/10 2:00 PM ,19.5
 07/28/10 3:00 PM ,20
 07/28/10 4:00 PM ,20
 07/28/10 5:00 PM ,20
 07/28/10 6:00 PM ,20
 07/28/10 7:00 PM ,19
 07/28/10 8:00 PM ,19
 07/28/10 9:00 PM ,18.5
 07/28/10 10:00 PM ,18.5
 07/28/10 11:00 PM ,18.5
 07/29/10 12:00 AM ,18.5
 07/29/10 1:00 AM ,18.5
 07/29/10 2:00 AM ,18.5
 07/29/10 3:00 AM ,18.5
 07/29/10 4:00 AM ,18.5
 07/29/10 5:00 AM ,18.5
 07/29/10 6:00 AM ,18.5
 07/29/10 7:00 AM ,19
 07/29/10 8:00 AM ,19
 07/29/10 9:00 AM ,19.5
 07/29/10 10:00 AM ,19.5
 07/29/10 11:00 AM ,19.5
 07/29/10 12:00 PM ,19.5
 07/29/10 1:00 PM ,19.5
 07/29/10 2:00 PM ,19.5
 07/29/10 3:00 PM ,19.5
 07/29/10 4:00 PM ,19.5
 07/29/10 5:00 PM ,19.5
 07/29/10 6:00 PM ,19.5
 07/29/10 7:00 PM ,19
 07/29/10 8:00 PM ,19
 07/29/10 9:00 PM ,19
 07/29/10 10:00 PM ,19
 07/29/10 11:00 PM ,18.5
 07/30/10 12:00 AM ,18.5
 07/30/10 1:00 AM ,18.5
 07/30/10 2:00 AM ,18.5
 07/30/10 3:00 AM ,18.5
 07/30/10 4:00 AM ,18.5
 07/30/10 5:00 AM ,18.5
 07/30/10 6:00 AM ,18.5
 07/30/10 7:00 AM ,19
 07/30/10 8:00 AM ,19.5
 07/30/10 9:00 AM ,19.5
 07/30/10 10:00 AM ,19.5
 07/30/10 11:00 AM ,19.5
 07/30/10 12:00 PM ,19.5
 07/30/10 1:00 PM ,19.5
 07/30/10 2:00 PM ,19.5
 07/30/10 3:00 PM ,19.5
 07/30/10 4:00 PM ,19.5
 07/30/10 5:00 PM ,19.5
 07/30/10 6:00 PM ,19.5
 07/30/10 7:00 PM ,19
 07/30/10 8:00 PM ,19
 07/30/10 9:00 PM ,19
 07/30/10 10:00 PM ,18.5
 07/30/10 11:00 PM ,18.5
 07/31/10 12:00 AM ,18.5
 07/31/10 1:00 AM ,18.5
 07/31/10 2:00 AM ,18.5
 07/31/10 3:00 AM ,18.5
 07/31/10 4:00 AM ,18.5
 07/31/10 5:00 AM ,18.5
 07/31/10 6:00 AM ,18.5
 07/31/10 7:00 AM ,19
 07/31/10 8:00 AM ,19
 07/31/10 9:00 AM ,19.5
 07/31/10 10:00 AM ,19.5
 07/31/10 11:00 AM ,19.5
 07/31/10 12:00 PM ,19.5
 07/31/10 1:00 PM ,19.5
 07/31/10 2:00 PM ,19.5
 07/31/10 3:00 PM ,19.5
 07/31/10 4:00 PM ,19.5
 07/31/10 5:00 PM ,19.5
 07/31/10 6:00 PM ,19.5
 07/31/10 7:00 PM ,19
 07/31/10 8:00 PM ,19
 07/31/10 9:00 PM ,19
 07/31/10 10:00 PM ,18.5
 07/31/10 11:00 PM ,18.5
 08/01/10 12:00 AM ,18.5
 08/01/10 1:00 AM ,18.5
 08/01/10 2:00 AM ,18.5
 08/01/10 3:00 AM ,18.5
 08/01/10 4:00 AM ,18.5
 08/01/10 5:00 AM ,18.5
 08/01/10 6:00 AM ,18.5
 08/01/10 7:00 AM ,19
 08/01/10 8:00 AM ,19.5
 08/01/10 9:00 AM ,19.5
 08/01/10 10:00 AM ,19.5
 08/01/10 11:00 AM ,19.5
 08/01/10 12:00 PM ,19.5
 08/01/10 1:00 PM ,19.5
 08/01/10 2:00 PM ,19.5
 08/01/10 3:00 PM ,19.5
 08/01/10 4:00 PM ,19.5
 08/01/10 5:00 PM ,20
 08/01/10 6:00 PM ,19.5
 08/01/10 7:00 PM ,19
 08/01/10 8:00 PM ,19
 08/01/10 9:00 PM ,19
 08/01/10 10:00 PM ,18.5
 08/01/10 11:00 PM ,18.5
 08/02/10 12:00 AM ,18.5
 08/02/10 1:00 AM ,18.5
 08/02/10 2:00 AM ,18.5
 08/02/10 3:00 AM ,18.5
 08/02/10 4:00 AM ,18.5
 08/02/10 5:00 AM ,18.5
 08/02/10 6:00 AM ,18.5
 08/02/10 7:00 AM ,19
 08/02/10 8:00 AM ,19.5
 08/02/10 9:00 AM ,19.5
 08/02/10 10:00 AM ,18.5
 08/02/10 11:00 AM ,19
 08/02/10 12:00 PM ,17.5
 08/02/10 1:00 PM ,16.5
 08/02/10 2:00 PM ,16
 08/02/10 3:00 PM ,16
 08/02/10 4:00 PM ,16
 08/02/10 5:00 PM ,16
 08/02/10 6:00 PM ,16
 08/02/10 7:00 PM ,15.5
 08/02/10 8:00 PM ,15.5
 08/02/10 9:00 PM ,15
 08/02/10 10:00 PM ,15
 08/02/10 11:00 PM ,15
 08/03/10 12:00 AM ,15
 08/03/10 1:00 AM ,15
 08/03/10 2:00 AM ,15
 08/03/10 3:00 AM ,15
 08/03/10 4:00 AM ,15
 08/03/10 5:00 AM ,15
 08/03/10 6:00 AM ,15
 08/03/10 7:00 AM ,15
 08/03/10 8:00 AM ,15.5
 08/03/10 9:00 AM ,15.5
 08/03/10 10:00 AM ,15.5
 08/03/10 11:00 AM ,16
 08/03/10 12:00 PM ,16
 08/03/10 1:00 PM ,16
 08/03/10 2:00 PM ,16
 08/03/10 3:00 PM ,16
 08/03/10 4:00 PM ,16
 08/03/10 5:00 PM ,16
 08/03/10 6:00 PM ,16
 08/03/10 7:00 PM ,15.5
 08/03/10 8:00 PM ,15.5
 08/03/10 9:00 PM ,15
 08/03/10 10:00 PM ,15
 08/03/10 11:00 PM ,15
 08/04/10 12:00 AM ,15
 08/04/10 1:00 AM ,15
 08/04/10 2:00 AM ,15
 08/04/10 3:00 AM ,15
 08/04/10 4:00 AM ,15
 08/04/10 5:00 AM ,15
 08/04/10 6:00 AM ,14.5
 08/04/10 7:00 AM ,15
 08/04/10 8:00 AM ,15.5
 08/04/10 9:00 AM ,15.5
 08/04/10 10:00 AM ,15.5
 08/04/10 11:00 AM ,16
 08/04/10 12:00 PM ,16
 08/04/10 1:00 PM ,16
 08/04/10 2:00 PM ,16
 08/04/10 3:00 PM ,16
 08/04/10 4:00 PM ,16
 08/04/10 5:00 PM ,16
 08/04/10 6:00 PM ,16
 08/04/10 7:00 PM ,15.5
 08/04/10 8:00 PM ,15.5
 08/04/10 9:00 PM ,15
 08/04/10 10:00 PM ,15
 08/04/10 11:00 PM ,15
 08/05/10 12:00 AM ,15
 08/05/10 1:00 AM ,15
 08/05/10 2:00 AM ,15
 08/05/10 3:00 AM ,15
 08/05/10 4:00 AM ,15
 08/05/10 5:00 AM ,15
 08/05/10 6:00 AM ,14.5
 08/05/10 7:00 AM ,15
 08/05/10 8:00 AM ,15.5
 08/05/10 9:00 AM ,15.5
 08/05/10 10:00 AM ,16
 08/05/10 11:00 AM ,16
 08/05/10 12:00 PM ,16
 08/05/10 1:00 PM ,16
 08/05/10 2:00 PM ,16.5
 08/05/10 3:00 PM ,17
 08/05/10 4:00 PM ,17.5
 08/05/10 5:00 PM ,18.5
 08/05/10 6:00 PM ,20
 08/05/10 7:00 PM ,20
 08/05/10 8:00 PM ,18.5
 08/05/10 9:00 PM ,17.5
 08/05/10 10:00 PM ,16.5
 08/05/10 11:00 PM ,16
 08/06/10 12:00 AM ,15.5
 08/06/10 1:00 AM ,15.5
 08/06/10 2:00 AM ,15
 08/06/10 3:00 AM ,15
 08/06/10 4:00 AM ,15
 08/06/10 5:00 AM ,15
 08/06/10 6:00 AM ,15
 08/06/10 7:00 AM ,15.5
 08/06/10 8:00 AM ,16
 08/06/10 9:00 AM ,16
 08/06/10 10:00 AM ,16
 08/06/10 11:00 AM ,16
 08/06/10 12:00 PM ,17.5
 08/06/10 1:00 PM ,19
 08/06/10 2:00 PM ,20.5
 08/06/10 3:00 PM ,20.5
 08/06/10 4:00 PM ,18
 08/06/10 5:00 PM ,17
 08/06/10 6:00 PM ,16.5
 08/06/10 7:00 PM ,16
 08/06/10 8:00 PM ,15.5
 08/06/10 9:00 PM ,15
 08/06/10 10:00 PM ,15
 08/06/10 11:00 PM ,15
 08/07/10 12:00 AM ,15
 08/07/10 1:00 AM ,15
 08/07/10 2:00 AM ,15
 08/07/10 3:00 AM ,14.5
 08/07/10 4:00 AM ,14.5
 08/07/10 5:00 AM ,14.5
 08/07/10 6:00 AM ,14.5
 08/07/10 7:00 AM ,15
 08/07/10 8:00 AM ,15.5
 08/07/10 9:00 AM ,15.5
 08/07/10 10:00 AM ,15.5
 08/07/10 11:00 AM ,15.5
 08/07/10 12:00 PM ,15.5
 08/07/10 1:00 PM ,15.5
 08/07/10 2:00 PM ,15.5
 08/07/10 3:00 PM ,15.5
 08/07/10 4:00 PM ,15.5
 08/07/10 5:00 PM ,15.5
 08/07/10 6:00 PM ,15.5
 08/07/10 7:00 PM ,15
 08/07/10 8:00 PM ,15
 08/07/10 9:00 PM ,15
 08/07/10 10:00 PM ,14.5
 08/07/10 11:00 PM ,14.5
 08/08/10 12:00 AM ,14.5
 08/08/10 1:00 AM ,14.5
 08/08/10 2:00 AM ,14.5
 08/08/10 3:00 AM ,14.5
 08/08/10 4:00 AM ,14.5
 08/08/10 5:00 AM ,14.5
 08/08/10 6:00 AM ,14.5
 08/08/10 7:00 AM ,14.5
 08/08/10 8:00 AM ,15
 08/08/10 9:00 AM ,15
 08/08/10 10:00 AM ,15.5
 08/08/10 11:00 AM ,15.5
 08/08/10 12:00 PM ,15.5
 08/08/10 1:00 PM ,15.5
 08/08/10 2:00 PM ,15.5
 08/08/10 3:00 PM ,15.5
 08/08/10 4:00 PM ,15.5
 08/08/10 5:00 PM ,15.5
 08/08/10 6:00 PM ,15.5
 08/08/10 7:00 PM ,15
 08/08/10 8:00 PM ,15
 08/08/10 9:00 PM ,15
 08/08/10 10:00 PM ,14.5
 08/08/10 11:00 PM ,14.5
 08/09/10 12:00 AM ,14.5
 08/09/10 1:00 AM ,14.5
 08/09/10 2:00 AM ,14.5
 08/09/10 3:00 AM ,14.5
 08/09/10 4:00 AM ,14.5
 08/09/10 5:00 AM ,14.5
 08/09/10 6:00 AM ,14.5
 08/09/10 7:00 AM ,15
 08/09/10 8:00 AM ,15
 08/09/10 9:00 AM ,15
 08/09/10 10:00 AM ,15.5
 08/09/10 11:00 AM ,15.5
 08/09/10 12:00 PM ,15.5
 08/09/10 1:00 PM ,15.5
 08/09/10 2:00 PM ,15.5
 08/09/10 3:00 PM ,15.5
 08/09/10 4:00 PM ,15.5
 08/09/10 5:00 PM ,15.5
 08/09/10 6:00 PM ,15.5
 08/09/10 7:00 PM ,15.5
 08/09/10 8:00 PM ,15
 08/09/10 9:00 PM ,15
 08/09/10 10:00 PM ,15
 08/09/10 11:00 PM ,14.5
 08/10/10 12:00 AM ,14.5
 08/10/10 1:00 AM ,14.5
 08/10/10 2:00 AM ,14.5
 08/10/10 3:00 AM ,14.5
 08/10/10 4:00 AM ,14.5
 08/10/10 5:00 AM ,14.5
 08/10/10 6:00 AM ,14.5
 08/10/10 7:00 AM ,15
 08/10/10 8:00 AM ,15
 08/10/10 9:00 AM ,15.5
 08/10/10 10:00 AM ,15.5
 08/10/10 11:00 AM ,15.5
 08/10/10 12:00 PM ,15.5
 08/10/10 1:00 PM ,15.5
 08/10/10 2:00 PM ,15.5
 08/10/10 3:00 PM ,15.5
 08/10/10 4:00 PM ,15.5
 08/10/10 5:00 PM ,15.5
 08/10/10 6:00 PM ,15.5
 08/10/10 7:00 PM ,15
 08/10/10 8:00 PM ,15
 08/10/10 9:00 PM ,15
 08/10/10 10:00 PM ,14.5
 08/10/10 11:00 PM ,14.5
 08/11/10 12:00 AM ,14.5
 08/11/10 1:00 AM ,14.5
 08/11/10 2:00 AM ,14.5
 08/11/10 3:00 AM ,14.5
 08/11/10 4:00 AM ,14.5
 08/11/10 5:00 AM ,14.5
 08/11/10 6:00 AM ,14.5
 08/11/10 7:00 AM ,15
 08/11/10 8:00 AM ,15
 08/11/10 9:00 AM ,15.5
 08/11/10 10:00 AM ,15.5
 08/11/10 11:00 AM ,15.5
 08/11/10 12:00 PM ,15.5
 08/11/10 1:00 PM ,15.5
 08/11/10 2:00 PM ,15.5
 08/11/10 3:00 PM ,15.5
 08/11/10 4:00 PM ,16
 08/11/10 5:00 PM ,16
 08/11/10 6:00 PM ,16
 08/11/10 7:00 PM ,15.5
 08/11/10 8:00 PM ,15
 08/11/10 9:00 PM ,15
 08/11/10 10:00 PM ,15
 08/11/10 11:00 PM ,14.5
 08/12/10 12:00 AM ,14.5
 08/12/10 1:00 AM ,14.5
 08/12/10 2:00 AM ,14.5
 08/12/10 3:00 AM ,14.5
 08/12/10 4:00 AM ,14.5
 08/12/10 5:00 AM ,14.5
 08/12/10 6:00 AM ,14.5
 08/12/10 7:00 AM ,15
 08/12/10 8:00 AM ,15
 08/12/10 9:00 AM ,15
 08/12/10 10:00 AM ,16.5
 08/12/10 11:00 AM ,18
 08/12/10 12:00 PM ,19
 08/12/10 1:00 PM ,21.5
 08/12/10 2:00 PM ,23.5
 08/12/10 3:00 PM ,25
 08/12/10 4:00 PM ,26
 08/12/10 5:00 PM ,26
 08/12/10 6:00 PM ,25.5
 08/12/10 7:00 PM ,25
 08/12/10 8:00 PM ,24
 08/12/10 9:00 PM ,22
 08/12/10 10:00 PM ,20.5
 08/12/10 11:00 PM ,20
 08/13/10 12:00 AM ,19
 08/13/10 1:00 AM ,18.5
 08/13/10 2:00 AM ,18
 08/13/10 3:00 AM ,17
 08/13/10 4:00 AM ,16.5
 08/13/10 5:00 AM ,16
 08/13/10 6:00 AM ,15.5
 08/13/10 7:00 AM ,15
 08/13/10 8:00 AM ,15
 08/13/10 9:00 AM ,15.5
 08/13/10 10:00 AM ,17
 08/13/10 11:00 AM ,19.5
 08/13/10 12:00 PM ,22
 08/13/10 1:00 PM ,24
 08/13/10 2:00 PM ,25.5
 08/13/10 3:00 PM ,26.5
 08/13/10 4:00 PM ,27
 08/13/10 5:00 PM ,26.5
 08/13/10 6:00 PM ,26.5
 08/13/10 7:00 PM ,26
 08/13/10 8:00 PM ,25.5
 08/13/10 9:00 PM ,25
 08/13/10 10:00 PM ,25
 08/13/10 11:00 PM ,24.5
 08/14/10 12:00 AM ,24
 08/14/10 1:00 AM ,23.5
 08/14/10 2:00 AM ,23
 08/14/10 3:00 AM ,23
 08/14/10 4:00 AM ,22.5
 08/14/10 5:00 AM ,22
 08/14/10 6:00 AM ,21.5
 08/14/10 7:00 AM ,23
 08/14/10 8:00 AM ,25
 08/14/10 9:00 AM ,23.5
 08/14/10 10:00 AM ,23.5
 08/14/10 11:00 AM ,24
 08/14/10 12:00 PM ,24.5
 08/14/10 1:00 PM ,25
 08/14/10 2:00 PM ,25.5
 08/14/10 3:00 PM ,26
 08/14/10 4:00 PM ,26.5
 08/14/10 5:00 PM ,26.5
 08/14/10 6:00 PM ,26.5
 08/14/10 7:00 PM ,26.5
 08/14/10 8:00 PM ,26.5
 08/14/10 9:00 PM ,26
 08/14/10 10:00 PM ,26
 08/14/10 11:00 PM ,25.5
 08/15/10 12:00 AM ,24.5
 08/15/10 1:00 AM ,24
 08/15/10 2:00 AM ,23.5
 08/15/10 3:00 AM ,23.5
 08/15/10 4:00 AM ,23
 08/15/10 5:00 AM ,22.5
 08/15/10 6:00 AM ,22
 08/15/10 7:00 AM ,21.5
 08/15/10 8:00 AM ,21.5
 08/15/10 9:00 AM ,22
 08/15/10 10:00 AM ,22.5
 08/15/10 11:00 AM ,23
 08/15/10 12:00 PM ,24
 08/15/10 1:00 PM ,24.5
 08/15/10 2:00 PM ,25
 08/15/10 3:00 PM ,25.5
 08/15/10 4:00 PM ,26
 08/15/10 5:00 PM ,26
 08/15/10 6:00 PM ,26
 08/15/10 7:00 PM ,25.5
 08/15/10 8:00 PM ,25
 08/15/10 9:00 PM ,24.5
 08/15/10 10:00 PM ,24
 08/15/10 11:00 PM ,23.5
 08/16/10 12:00 AM ,23.5
 08/16/10 1:00 AM ,23
 08/16/10 2:00 AM ,23
 08/16/10 3:00 AM ,22.5
 08/16/10 4:00 AM ,22.5
 08/16/10 5:00 AM ,22
 08/16/10 6:00 AM ,22
 08/16/10 7:00 AM ,21.5
 08/16/10 8:00 AM ,21.5
 08/16/10 9:00 AM ,22
 08/16/10 10:00 AM ,22.5
 08/16/10 11:00 AM ,23
 08/16/10 12:00 PM ,24
 08/16/10 1:00 PM ,24.5
 08/16/10 2:00 PM ,25
 08/16/10 3:00 PM ,26
 08/16/10 4:00 PM ,26.5
 08/16/10 5:00 PM ,26.5
 08/16/10 6:00 PM ,26.5
 08/16/10 7:00 PM ,26.5
 08/16/10 8:00 PM ,26.5
 08/16/10 9:00 PM ,26
 08/16/10 10:00 PM ,25.5
 08/16/10 11:00 PM ,25.5
 08/17/10 12:00 AM ,25
 08/17/10 1:00 AM ,24.5
 08/17/10 2:00 AM ,24.5
 08/17/10 3:00 AM ,24
 08/17/10 4:00 AM ,23.5
 08/17/10 5:00 AM ,23
 08/17/10 6:00 AM ,22.5
 08/17/10 7:00 AM ,22.5
 08/17/10 8:00 AM ,22.5
 08/17/10 9:00 AM ,22.5
 08/17/10 10:00 AM ,23
 08/17/10 11:00 AM ,24
 08/17/10 12:00 PM ,24.5
 08/17/10 1:00 PM ,25.5
 08/17/10 2:00 PM ,26
 08/17/10 3:00 PM ,26.5
 08/17/10 4:00 PM ,27
 08/17/10 5:00 PM ,27
 08/17/10 6:00 PM ,27
 08/17/10 7:00 PM ,27
 08/17/10 8:00 PM ,26.5
 08/17/10 9:00 PM ,26
 08/17/10 10:00 PM ,25
 08/17/10 11:00 PM ,25
 08/18/10 12:00 AM ,24.5
 08/18/10 1:00 AM ,24
 08/18/10 2:00 AM ,24
 08/18/10 3:00 AM ,24
 08/18/10 4:00 AM ,24
 08/18/10 5:00 AM ,23.5
 08/18/10 6:00 AM ,23
 08/18/10 7:00 AM ,23
 08/18/10 8:00 AM ,23
 08/18/10 9:00 AM ,23.5
 08/18/10 10:00 AM ,24
 08/18/10 11:00 AM ,25
 08/18/10 12:00 PM ,25.5
 08/18/10 1:00 PM ,26
 08/18/10 2:00 PM ,26.5
 08/18/10 3:00 PM ,27
 08/18/10 4:00 PM ,27
 08/18/10 5:00 PM ,27
 08/18/10 6:00 PM ,26.5
 08/18/10 7:00 PM ,26
 08/18/10 8:00 PM ,25.5
 08/18/10 9:00 PM ,24.5
 08/18/10 10:00 PM ,24
 08/18/10 11:00 PM ,24
 08/19/10 12:00 AM ,24
 08/19/10 1:00 AM ,23.5
 08/19/10 2:00 AM ,23
 08/19/10 3:00 AM ,22
 08/19/10 4:00 AM ,22
 08/19/10 5:00 AM ,21.5
 08/19/10 6:00 AM ,22
 08/19/10 7:00 AM ,22
 08/19/10 8:00 AM ,22
 08/19/10 9:00 AM ,22
 08/19/10 10:00 AM ,23
 08/19/10 11:00 AM ,23.5
 08/19/10 12:00 PM ,24.5
 08/19/10 1:00 PM ,25
 08/19/10 2:00 PM ,26
 08/19/10 3:00 PM ,26.5
 08/19/10 4:00 PM ,27
 08/19/10 5:00 PM ,27
 08/19/10 6:00 PM ,27
 08/19/10 7:00 PM ,26.5
 08/19/10 8:00 PM ,26.5
 08/19/10 9:00 PM ,26
 08/19/10 10:00 PM ,25.5
 08/19/10 11:00 PM ,25.5
 08/20/10 12:00 AM ,25
 08/20/10 1:00 AM ,25
 08/20/10 2:00 AM ,24.5
 08/20/10 3:00 AM ,24
 08/20/10 4:00 AM ,23.5
 08/20/10 5:00 AM ,23
 08/20/10 6:00 AM ,22.5
 08/20/10 7:00 AM ,22.5
 08/20/10 8:00 AM ,22.5
 08/20/10 9:00 AM ,22.5
 08/20/10 10:00 AM ,23
 08/20/10 11:00 AM ,23.5
 08/20/10 12:00 PM ,24.5
 08/20/10 1:00 PM ,25
 08/20/10 2:00 PM ,25.5
 08/20/10 3:00 PM ,26
 08/20/10 4:00 PM ,26.5
 08/20/10 5:00 PM ,27
 08/20/10 6:00 PM ,27
 08/20/10 7:00 PM ,26.5
 08/20/10 8:00 PM ,26.5
 08/20/10 9:00 PM ,26.5
 08/20/10 10:00 PM ,26
 08/20/10 11:00 PM ,25.5
 08/21/10 12:00 AM ,25
 08/21/10 1:00 AM ,25
 08/21/10 2:00 AM ,24.5
 08/21/10 3:00 AM ,24.5
 08/21/10 4:00 AM ,24
 08/21/10 5:00 AM ,23.5
 08/21/10 6:00 AM ,22.5
 08/21/10 7:00 AM ,22.5
 08/21/10 8:00 AM ,22.5
 08/21/10 9:00 AM ,23
 08/21/10 10:00 AM ,23.5
 08/21/10 11:00 AM ,24
 08/21/10 12:00 PM ,24.5
 08/21/10 1:00 PM ,25
 08/21/10 2:00 PM ,25
 08/21/10 3:00 PM ,25.5
 08/21/10 4:00 PM ,26
 08/21/10 5:00 PM ,25.5
 08/21/10 6:00 PM ,25.5
 08/21/10 7:00 PM ,25.5
 08/21/10 8:00 PM ,24.5
 08/21/10 9:00 PM ,24
 08/21/10 10:00 PM ,23.5
 08/21/10 11:00 PM ,24
 08/22/10 12:00 AM ,23
 08/22/10 1:00 AM ,22.5
 08/22/10 2:00 AM ,22
 08/22/10 3:00 AM ,22
 08/22/10 4:00 AM ,21.5
 08/22/10 5:00 AM ,21.5
 08/22/10 6:00 AM ,21.5
 08/22/10 7:00 AM ,21
 08/22/10 8:00 AM ,21
 08/22/10 9:00 AM ,21.5
 08/22/10 10:00 AM ,22
 08/22/10 11:00 AM ,22.5
 08/22/10 12:00 PM ,23
 08/22/10 1:00 PM ,23.5
 08/22/10 2:00 PM ,24
 08/22/10 3:00 PM ,24.5
 08/22/10 4:00 PM ,24.5
 08/22/10 5:00 PM ,25
 08/22/10 6:00 PM ,24.5
 08/22/10 7:00 PM ,24
 08/22/10 8:00 PM ,24
 08/22/10 9:00 PM ,23
 08/22/10 10:00 PM ,22.5
 08/22/10 11:00 PM ,22
 08/23/10 12:00 AM ,21.5
 08/23/10 1:00 AM ,21
 08/23/10 2:00 AM ,20.5
 08/23/10 3:00 AM ,20.5
 08/23/10 4:00 AM ,20
 08/23/10 5:00 AM ,20
 08/23/10 6:00 AM ,19.5
 08/23/10 7:00 AM ,19.5
 08/23/10 8:00 AM ,19
 08/23/10 9:00 AM ,19.5
 08/23/10 10:00 AM ,20.5
 08/23/10 11:00 AM ,21
 08/23/10 12:00 PM ,22
 08/23/10 1:00 PM ,22.5
 08/23/10 2:00 PM ,23
 08/23/10 3:00 PM ,23.5
 08/23/10 4:00 PM ,24
 08/23/10 5:00 PM ,24.5
 08/23/10 6:00 PM ,24.5
 08/23/10 7:00 PM ,24.5
 08/23/10 8:00 PM ,24
 08/23/10 9:00 PM ,24
 08/23/10 10:00 PM ,24
 08/23/10 11:00 PM ,23.5
 08/24/10 12:00 AM ,23
 08/24/10 1:00 AM ,22.5
 08/24/10 2:00 AM ,22
 08/24/10 3:00 AM ,21.5
 08/24/10 4:00 AM ,21
 08/24/10 5:00 AM ,20
 08/24/10 6:00 AM ,19.5
 08/24/10 7:00 AM ,19
 08/24/10 8:00 AM ,19
 08/24/10 9:00 AM ,20
